Topic,Count,Name,Representation,Aspect1,Representative_Docs
-1,2408,-1_Constituição_uma_que qualquer_qualquer,"['Constituição', 'uma', 'que qualquer', 'qualquer', 'implica que qualquer', 'constitucional', 'com', 'como', 'direito', 'que os', 'inconstitucional', 'implica que Estado', 'que Estado', 'implica que os', 'que as', 'isso implica que qualquer', 'por', 'devem ser', 'implica que as', 'implica que há']","['Constituição', 'direitos', 'constitucional', 'Estado', 'direito', 'inconstitucional', 'lei', 'constitucionais', 'forma', 'legislação', 'tentativa', 'cargos', 'igualdade', 'leis', 'mesmo', 'proposta', 'regulamentação', 'atual', 'necessidade', 'criação', 'base', 'violência', 'sociedade', 'defesa', 'propostas', 'segurança', 'serviços', 'magistrados', 'anos', 'pública']","['isso implica que o Estado tem a obrigação de proteger as mulheres contra a violência.', 'Isso implica que qualquer tentativa de retorno ao arbítrio ou ruptura constitucional é inaceitável.', 'Isso implica que qualquer tentativa de emenda constitucional nesse contexto é inapropriada ou ilegal.']"
0,4062,0_Constituição_direitos_Estado_uma,"['Constituição', 'direitos', 'Estado', 'uma', 'Congresso', 'deve ser', 'governo', 'que os', 'que Estado', 'implica que Estado', 'que qualquer', 'implica que qualquer', 'implica que os', 'Estado deve', 'que Estado deve', 'implica que Estado deve', 'cidadãos', 'políticas', 'que Congresso', 'como']","['Constituição', 'direitos', 'Estado', 'Congresso', 'governo', 'medidas', 'direito', 'cidadãos', 'políticas', 'processo', 'constitucional', 'Presidente', 'recursos', 'provisórias', 'legislação', 'públicas', 'obrigação', 'lei', 'pública', 'legislativo', 'públicos', 'ações', 'papel', 'Estados', 'saúde', 'violação', 'discriminação', 'trabalhadores', 'Executivo', 'alteração']","['Isso implica que o Estado deve garantir o acesso à saúde para todos os cidadãos, incluindo o acesso a medicamentos.', 'isso implica que o Estado deve garantir o acesso à saúde para todos os cidadãos.', 'isso implica que o Estado deve assegurar esses direitos fundamentais a todos os cidadãos e residentes.']"
1,560,1_que Brasil_implica que Brasil_implica que Constituição_que Constituição,"['que Brasil', 'implica que Brasil', 'implica que Constituição', 'que Constituição', 'do Brasil', 'Brasil Isso', 'Brasil Isso implica', 'Brasil Isso implica que', 'Brasil isso', 'Brasil isso implica que', 'Brasil isso implica', 'Isso implica que Constituição', 'implica que Brasil deve', 'que Brasil deve', 'isso implica que Brasil', 'Isso implica que Brasil', 'no Brasil Isso implica', 'no Brasil Isso', 'que Constituição de', 'implica que Constituição de']","['Constituição', 'marco', 'brasileiro', 'democracia', 'importante', 'papel', 'direitos', 'política', 'países', 'transição', 'história', 'político', 'fundamentais', 'sistema', 'consolidação', 'jurídico', 'soberania', 'relações', 'ordenamento', 'atual', 'liberdades', 'tradição', 'internas', 'governo', 'governabilidade', 'âmbito', 'garantias', 'individuais', 'representação', 'democratização']","['Isso implica que a Constituição teve um papel fundamental na reorganização territorial do Brasil.', 'Isso implica que a Constituição teve um papel fundamental na reorganização territorial do Brasil.', 'Isso implica que a Constituição teve um papel fundamental na reorganização territorial do Brasil.']"
2,423,2_impeachment_de impeachment_que processo de_implica que processo de,"['impeachment', 'de impeachment', 'que processo de', 'implica que processo de', 'que processo', 'implica que processo', 'isso implica que processo', 'Isso implica que processo', 'deve seguir', 'de responsabilidade', 'crime', 'crime de responsabilidade', 'crime de', 'Dilma', 'um golpe', 'conduzido', 'Presidente', 'legais', 'constitucional', 'um processo']","['impeachment', 'processo', 'legítimo', 'crime', 'legal', 'golpe', 'constitucionais', 'Presidente', 'legais', 'responsabilidade', 'constitucional', 'preceitos', 'fundamentos', 'Senado', 'ferramenta', 'tentativa', 'jurídicos', 'jurídico', 'procedimento', 'mecanismo', 'inconstitucional', 'político', 'presidente', 'procedimentos', 'crimes', 'defesa', 'processos', 'decisão', 'atos', 'direito']","['Isso implica que o processo de impeachment é legal e constitucional.', 'isso implica que o processo de impeachment é ilegal e fraudulento.', 'Isso implica que o processo de impeachment é inconstitucional']"
3,319,3_responsabilidade_responsabilidade de_tem responsabilidade_tem responsabilidade de,"['responsabilidade', 'responsabilidade de', 'tem responsabilidade', 'tem responsabilidade de', 'que Estado tem responsabilidade', 'Estado tem responsabilidade', 'Estado tem responsabilidade de', 'responsabilidade de garantir', 'tem responsabilidade de garantir', 'implica que Estado tem', 'que Estado tem', 'Estado tem', 'isso implica que Estado', 'têm responsabilidade', 'cidadãos', 'responsabilidades', 'segurança pública', 'que Senado tem responsabilidade', 'Senado tem responsabilidade', 'Senado tem responsabilidade de']","['responsabilidade', 'Estado', 'segurança', 'cidadãos', 'responsabilidades', 'pública', 'Senado', 'direitos', 'saúde', 'políticas', 'Estados', 'recursos', 'Municípios', 'habitação', 'serviços', 'condições', 'públicas', 'primária', 'municípios', 'direito', 'ensino', 'específicas', 'federativo', 'pendências', 'fundamental', 'leis', 'privada', 'dignas', 'áreas', 'medidas']","['isso implica que o Estado tem a responsabilidade de garantir esses direitos aos cidadãos', 'isso implica que o Estado tem a responsabilidade de garantir a segurança pública e proteger os cidadãos.', 'isso implica que o Estado tem a responsabilidade de garantir esses direitos.']"
4,241,4_judiciais_Judiciário_decisões judiciais_implica que Judiciário,"['judiciais', 'Judiciário', 'decisões judiciais', 'implica que Judiciário', 'que Judiciário', 'que decisões judiciais', 'implica que decisões judiciais', 'do Judiciário', 'as decisões judiciais', 'isso implica que Judiciário', 'Judiciário não', 'Poder Judiciário', 'implica que as decisões', 'isso implica que decisões', 'devem respeitar', 'implica que as', 'Judiciário isso', 'Judiciário isso implica que', 'Judiciário isso implica', 'Isso implica que decisões']","['judiciais', 'Judiciário', 'decisões', 'Legislativo', 'Executivo', 'ações', 'Constituição', 'constitucionais', 'processos', 'papel', 'direitos', 'reintegração', 'direito', 'forma', 'prerrogativas', 'cidadãos', 'posse', 'poderes', 'devido', 'ordens', 'devido processo', 'eficiente', 'processo', 'autoridades', 'legalidade', 'interferências', 'legal', 'membros', 'inconstitucionais', 'indevidas']","['isso implica que as decisões judiciais devem respeitar os princípios constitucionais.', 'isso implica que decisões judiciais devem respeitar esses princípios constitucionais.', 'Isso implica que decisões judiciais que impõem censura prévia são inconstitucionais.']"
5,239,5_que mudanças_implica que mudanças_isso implica que mudanças_Isso implica que mudanças,"['que mudanças', 'implica que mudanças', 'isso implica que mudanças', 'Isso implica que mudanças', 'mudanças constitucionais', 'que mudanças constitucionais', 'implica que mudanças constitucionais', 'significativas', 'mudanças significativas', 'constitucionais', 'implica que mudanças significativas', 'que mudanças significativas', 'mudanças na', 'mudanças constitucionais são', 'que mudanças constitucionais são', 'constitucionais são', 'através de emendas', 'implica que mudanças na', 'que mudanças na', 'podem ser realizadas']","['mudanças', 'significativas', 'constitucionais', 'emendas', 'necessárias', 'sistema', 'legislativo', 'processo', 'Constituição', 'político', 'regras', 'estruturais', 'consenso', 'legislação', 'parlamentares', 'eleitorais', 'difíceis', 'poder', 'amplo', 'constitucional', 'adequado', 'amplo apoio', 'suplentes', 'apoio', 'significativo', 'antecedência', 'Senado', 'emenda', 'mandato', 'forma']","['Isso implica que mudanças significativas no sistema tributário podem ser realizadas através de emendas constitucionais.', 'Isso implica que mudanças significativas no sistema político podem ser realizadas através de emendas constitucionais.', 'isso implica que mudanças significativas no sistema político podem ser realizadas através de emendas constitucionais.']"
6,222,6_educação_acesso educação_educação Isso implica que_educação Isso implica,"['educação', 'acesso educação', 'educação Isso implica que', 'educação Isso implica', 'educação Isso', 'educação isso implica que', 'educação isso implica', 'educação isso', 'implica que Estado', 'educação para', 'para educação', 'obrigação', 'que educação', 'implica que educação', 'garantir acesso educação', 'implica que Estado deve', 'educação para todos', 'em educação', 'acesso educação para', 'acesso educação para todos']","['educação', 'acesso', 'Estado', 'obrigação', 'áreas', 'saúde', 'qualidade', 'cidadãos', 'ensino', 'parte', 'escolas', 'orçamento', 'governo', 'mínimo', 'investimento', 'constitucional', 'deficiência', 'pessoas', 'segurança', 'crianças', 'especiais', 'sociais', 'prioridade', 'médio', 'diretrizes', 'população', 'constitucionais', 'nacional', 'princípios', 'fundamental']","['Isso implica que o Estado tem a obrigação de garantir o acesso à educação para todos os cidadãos.', 'Isso implica que o Estado tem a obrigação de garantir o acesso à educação para todos os cidadãos.', 'isso implica que o Estado deve garantir o acesso à educação para todos os cidadãos.']"
7,212,7_terras_terras indígenas_indígenas deve_data,"['terras', 'terras indígenas', 'indígenas deve', 'data', 'suas terras', 'implica que demarcação', 'que demarcação', 'indígenas isso implica que', 'indígenas isso implica', 'indígenas isso', 'indígenas devem', 'isso implica que demarcação', 'implica que as', 'que as demarcações', 'implica que as demarcações', 'indígenas Isso implica', 'indígenas Isso', 'indígenas Isso implica que', 'promulgação da Constituição', 'povos indígenas']","['terras', 'indígenas', 'demarcação', 'data', 'demarcações', 'índios', 'promulgação', 'povos', 'ocupação', 'União', 'direitos', 'Estado', 'áreas', 'exploração', 'Constituição', 'indígena', 'direito', 'naturais', 'recursos', 'reservas', 'produtivas', 'existente', 'limites', 'tradicional', 'agrária', 'responsabilidade', 'situação', 'governo', 'decisões', 'casos']","['isso implica que a demarcação de terras indígenas deve respeitar os direitos e interesses dos povos indígenas.', 'isso implica que as demarcações de terras indígenas devem considerar a ocupação dessas terras na data da promulgação da Constituição.', 'isso implica que as demarcações de terras indígenas devem considerar a ocupação das terras até essa data.']"
8,203,8_financeiras_financeira_financeiros_financiamento,"['financeiras', 'financeira', 'financeiros', 'financiamento', 'implica que os', 'financeiro', 'os Municípios', 'financeiramente', 'enfrentam dificuldades', 'implica que os Municípios', 'que os Municípios', 'responsabilidades', 'municípios', 'que governo', 'implica que governo', 'de recursos', 'isso implica que os', 'Estados Municípios', 'saúde pública', 'implica que União']","['financeiras', 'financeira', 'financeiros', 'Municípios', 'dificuldades', 'financiamento', 'financeiro', 'recursos', 'saúde', 'responsabilidades', 'municípios', 'União', 'governo', 'pública', 'devido', 'entes', 'responsabilidade', 'autonomia', 'obrigação', 'federativos', 'sistema', 'constitucional', 'suporte', 'criação', 'constitucionais', 'segurança', 'Estado', 'famílias', 'educação', 'essenciais']","['Isso implica que os Municípios enfrentam dificuldades financeiras para cumprir suas responsabilidades constitucionais.', 'Isso implica que os Municípios enfrentam dificuldades financeiras para cumprir suas responsabilidades, especialmente na saúde pública.', 'isso implica que os Municípios enfrentam dificuldades financeiras para cumprir suas responsabilidades.']"
9,202,9_Tribunal Federal_Supremo Tribunal_Supremo Tribunal Federal_que Supremo Tribunal,"['Tribunal Federal', 'Supremo Tribunal', 'Supremo Tribunal Federal', 'que Supremo Tribunal', 'que Supremo Tribunal Federal', 'que Supremo', 'implica que Supremo', 'do Supremo Tribunal', 'do Supremo Tribunal Federal', 'do Supremo', 'Isso implica que Supremo', 'isso implica que Supremo', 'Federal não deve', 'implica que Tribunal', 'Supremo Tribunal Federal Isso', 'Tribunal Federal Isso', 'Tribunal Federal Isso implica', 'Tribunal de Contas', 'Federal Isso implica', 'Federal Isso implica que']","['decisões', 'Legislativo', 'competência', 'Senado', 'ministros', 'prisão', 'poder', 'casos', 'irregularidades', 'independência', 'inconstitucionalidade', 'penais', 'necessário', 'Poderes', 'questões', 'forma', 'prerrogativa', 'função', 'autoridades', 'lei', 'político', 'imparcial', 'papel', 'perpétua', 'indicados', 'improbidade', 'ações', 'nomeação', 'administrativas', 'necessários']","['Isso implica que o Supremo Tribunal Federal não deve invadir as competências do Congresso Nacional.', 'Isso implica que o Supremo Tribunal Federal não deve criar leis.', 'Isso implica que o Supremo Tribunal Federal não deve se comportar como um poder moderador.']"
10,183,10_fiscalizar_fiscalização_de fiscalizar_fiscal,"['fiscalizar', 'fiscalização', 'de fiscalizar', 'fiscal', 'de fiscalização', 'que Senado tem', 'Senado tem', 'implica que Senado tem', 'implica que Senado', 'tem poder de', 'isso implica que Senado', 'na fiscalização', 'Lei', 'Senado tem poder', 'que Senado tem poder', 'Senado tem poder de', 'do Executivo', 'responsabilidade', 'controle', 'tem um papel']","['fiscalização', 'Executivo', 'Senado', 'poder', 'papel', 'responsabilidade', 'controle', 'ações', 'direito', 'questões', 'funções', 'mecanismos', 'públicos', 'público', 'administração', 'gestão', 'interesse', 'pública', 'autorização', 'cumprimento', 'leis', 'crucial', 'gastos', 'esclarecimentos', 'constitucionais', 'poderes', 'essenciais', 'proteção', 'nacional', 'serviços']","['isso implica que o Senado tem o poder de fiscalizar e obter informações sobre ações do Executivo.', 'Isso implica que o Senado tem o poder de fiscalizar as ações do Executivo.', 'Isso implica que o Senado tem o poder de fiscalizar o Executivo.']"
11,174,11_limites_dos limites_limites constitucionais_dentro dos limites,"['limites', 'dos limites', 'limites constitucionais', 'dentro dos limites', 'os limites', 'dos limites constitucionais', 'dentro dos limites constitucionais', 'constitucionais', 'respeitar os limites', 'limites legais', 'deve respeitar os limites', 'dentro dos limites legais', 'dos limites legais', 'limites constitucionais isso', 'limites constitucionais isso implica', 'atuar dentro dos limites', 'limites constitucionais Isso implica', 'limites constitucionais Isso', 'limitar', 'estabelecidos']","['limites', 'constitucionais', 'legais', 'limitações', 'ações', 'Constituição', 'atuação', 'poder', 'funções', 'ação', 'tentativa', 'inconstitucional', 'atribuições', 'autoridades', 'legislação', 'direitos', 'instituições', 'separação', 'Estado', 'individuais', 'intervenção', 'específicos', 'casos', 'vigilância', 'democracia', 'coletivo', 'segurança', 'infraconstitucional', 'claros', 'economia']","['Isso implica que o projeto de lei em discussão está dentro dos limites constitucionais.', 'isso implica que o governo eleito deve atuar dentro dos limites constitucionais.', 'isso implica que o projeto de lei em discussão está dentro dos limites constitucionais.']"
12,154,12_reforma_reformas_implica que qualquer reforma_qualquer reforma,"['reforma', 'reformas', 'implica que qualquer reforma', 'qualquer reforma', 'que qualquer reforma', 'implica que reforma', 'implica que qualquer', 'que qualquer', 'que reforma', 'reforma da', 'reforma política', 'reforma trabalhista', 'que as reformas', 'reforma da previdência', 'isso implica que reforma', 'isso implica que qualquer', 'implica que as reformas', 'Isso implica que qualquer', 'reformas que', 'que reforma trabalhista']","['reforma', 'reformas', 'direitos', 'trabalhista', 'previdência', 'política', 'Constituição', 'previdenciárias', 'constitucional', 'constitucionais', 'agrária', 'Previdência', 'princípios', 'inconstitucionais', 'atual', 'trabalhadores', 'conformidade', 'fundamentais', 'tentativa', 'governo', 'trabalhistas', 'necessidade', 'democráticos', 'partidos', 'antecedência', 'políticas', 'eleições', 'sistema', 'governabilidade', 'aposentadorias']","['isso implica que qualquer reforma previdenciária deve respeitar esses direitos.', 'isso implica que qualquer reforma previdenciária deve respeitar esses direitos', 'Isso implica que qualquer reforma deve respeitar esses direitos.']"
13,118,13_autonomia_ter autonomia_autonomia política_administrativa,"['autonomia', 'ter autonomia', 'autonomia política', 'administrativa', 'autonomia para', 'autonomia política administrativa', 'política administrativa', 'ter autonomia política', 'ter autonomia política administrativa', 'política', 'têm autonomia', 'implica que Roraima passou', 'implica que Roraima', 'que Roraima', 'Roraima passou ter', 'que Roraima passou ter', 'têm autonomia para', 'implica que Amapá', 'Amapá passou ter', 'implica que Amapá passou']","['autonomia', 'administrativa', 'política', 'Estados', 'estado', 'recursos', 'questões', 'federação', 'gerais', 'União', 'próprias', 'própria', 'criação', 'efetiva', 'Estado', 'necessidade', 'criminais', 'prioridades', 'governo', 'normas', 'representatividade', 'penal', 'ambiente', 'direito', 'instituições', 'meio', '', '', '', '']","['Isso implica que o Amapá passou a ter autonomia política e administrativa.', 'Isso implica que o Amapá passou a ter autonomia política e administrativa como Estado.', 'Isso implica que Roraima passou a ter autonomia política e administrativa como os demais estados brasileiros.']"
14,117,14_normas_normas constitucionais_as normas_as normas constitucionais,"['normas', 'normas constitucionais', 'as normas', 'as normas constitucionais', 'constitucionais', 'implica que as normas', 'que as normas', 'norma constitucional', 'das normas', 'implica que as', 'das normas constitucionais', 'que as normas constitucionais', 'seguir as normas', 'normativa', 'isso implica que as', 'seguir as normas constitucionais', 'constitucionais regimentais', 'normas constitucionais isso implica', 'normas constitucionais isso', 'constitucional']","['normas', 'constitucionais', 'norma', 'regimentais', 'normativa', 'constitucional', 'normativas', 'processo', 'Constituição', 'diretas', 'Municípios', 'decisão', 'atualização', 'país', 'União', 'promulgação', 'Estados', 'novos', 'novos Municípios', 'complexidade', 'legislativos', 'jurídicas', 'revisão', 'aumento', 'Senado', 'membros', 'orador', 'procedimentos', 'senadores', 'pessoas']","['Isso implica que as normas constitucionais devem ser efetivamente aplicadas e vividas na prática.', 'isso implica que as normas constitucionais estão sendo seguidas no país.', 'isso implica que as normas constitucionais têm prioridade sobre normas regimentais no processo legislativo.']"
15,113,15_ambiental_ambiente_meio ambiente_ambientais,"['ambiental', 'ambiente', 'meio ambiente', 'ambientais', 'proteção', 'proteger meio ambiente', 'proteger meio', 'um ambiente', 'de proteger', 'preservação ambiental', 'responsabilidade de proteger', 'implica que Estado', 'ambiente isso implica', 'ambiente isso', 'meio ambiente isso implica', 'meio ambiente isso', 'ambiente isso implica que', 'políticas ambientais', 'ambientais isso', 'ambientais isso implica']","['ambiental', 'ambiente', 'ambientais', 'meio', 'proteção', 'preservação', 'Estado', 'gerações', 'futuras', 'políticas', 'responsabilidade', 'legislação', 'obrigação', 'projeto', 'impactos', 'constitucional', 'governo', 'futuras gerações', 'sociedade', 'patrimônio', 'impacto', 'medidas', 'Constituição', 'regulatório', 'equilíbrio', 'direitos', 'federal', 'suporte', 'biomas', 'presentes']","['isso implica que o Estado tem a obrigação de proteger o meio ambiente e garantir a sustentabilidade para as futuras gerações.', 'isso implica que o Estado tem a responsabilidade de proteger o meio ambiente para as gerações futuras.', 'Isso implica que o Estado tem a obrigação de proteger o meio ambiente e garantir a segurança ambiental para as presentes e futuras gerações.']"
16,83,16_empresas_financiamento_que financiamento_implica que financiamento,"['empresas', 'financiamento', 'que financiamento', 'implica que financiamento', 'empresarial', 'as empresas', 'que as empresas', 'implica que as empresas', 'micro', 'Isso implica que financiamento', 'isso implica que financiamento', 'pequenas empresas', 'micro pequenas empresas', 'financiamento de', 'inconstitucional', 'implica que as', 'financiamento de campanhas', 'empresas isso implica', 'empresas isso implica que', 'empresas isso']","['empresas', 'campanhas', 'financiamento', 'empresarial', 'micro', 'pequenas empresas', 'pequenas', 'privado', 'inconstitucional', 'doações', 'eleitorais', 'empresariais', 'empresários', 'trabalhadores', 'condições', 'físicas', 'eleições', 'distorções', 'inconstitucionais', 'Constituição', 'eleitoral', 'específicas', 'constitucional', 'transparência', 'princípios', 'políticas', 'emenda', 'pessoas', 'aéreas', 'pequenos']","['Isso implica que o financiamento empresarial de campanhas é inconstitucional.', 'isso implica que o financiamento empresarial de campanhas é inconstitucional.', 'isso implica que o financiamento empresarial de campanhas é inconstitucional.']"
17,78,17_CPI_uma CPI_de uma CPI_de uma,"['CPI', 'uma CPI', 'de uma CPI', 'de uma', 'CPIs', 'CPI deve', 'que CPI', 'implica que CPI', 'criação de uma', 'instalação de', 'requisitos constitucionais', 'as CPIs', 'não pode', 'que as CPIs', 'implica que as CPIs', 'que criação de uma', 'implica que criação de', 'que criação de', 'de CPIs', 'implica que criação']","['CPI', 'CPIs', 'requisitos', 'instalação', 'criação', 'fatos', 'fato', 'minoria', 'assinaturas', 'vontade', 'requerimento', 'Senado', 'maioria', 'constitucionais', 'direito', 'mesmo', 'Presidente', 'vez', 'desconexos', 'manobras', 'constitucional', 'partidários', 'válido', 'válida', 'líderes', 'forma', 'parlamentar', 'investigações', 'Câmara', 'procedimentos']","['isso implica que a criação de uma CPI deve seguir requisitos constitucionais específicos para ser válida.', 'isso implica que qualquer requerimento para a criação de uma CPI deve cumprir esses requisitos constitucionais.', 'isso implica que a criação de uma CPI não pode ser negada se os requisitos constitucionais forem atendidos.']"
18,78,18_mínimo_salário mínimo_salário mínimo deve_mínimo deve,"['mínimo', 'salário mínimo', 'salário mínimo deve', 'mínimo deve', 'implica que salário', 'que salário', 'implica que salário mínimo', 'que salário mínimo', 'do salário mínimo', 'do salário', 'deve ser suficiente para', 'deve ser suficiente', 'Ministro', 'Isso implica que salário', 'implica que os ministros', 'que os ministros', 'os ministros', 'aos trabalhadores', 'por decreto', 'mínimo de']","['mínimo', 'salário', 'suficiente', 'ministros', 'trabalhadores', 'valor', 'número', 'básicas', 'decreto', 'necessidades', 'vida', 'aposentados', 'lazer', 'benefícios', 'alimentação', 'digna', 'moradia', 'famílias', 'critérios', 'transporte', 'senadores', 'necessário', 'acordo', 'piso', 'Estado', 'base', 'Justiça', 'presença', 'inconstitucional', 'integridade']","['isso implica que o salário mínimo deve ser suficiente para cobrir moradia, alimentação, educação, saúde, lazer, vestuário, higiene, transporte e outras necessidades.', 'isso implica que o salário mínimo deve ser suficiente para garantir uma vida digna aos trabalhadores.', 'isso implica que o salário mínimo deve ser suficiente para cobrir as necessidades básicas dos trabalhadores e suas famílias.']"
19,75,19_econômico_desenvolvimento econômico_regional_Centro Oeste,"['econômico', 'desenvolvimento econômico', 'regional', 'Centro Oeste', 'para promover', 'econômico Isso implica que', 'econômico Isso implica', 'econômico Isso', 'desenvolvimento regional', 'Nordeste', 'promover desenvolvimento', 'econômicos', 'regionais', 'econômica', 'desigualdades regionais', 'rural', 'redução das desigualdades', 'econômicas', 'das desigualdades regionais', 'redução das desigualdades regionais']","['econômico', 'desenvolvimento', 'regional', 'desigualdades', 'Nordeste', 'econômicos', 'regionais', 'econômica', 'rural', 'econômicas', 'fundos', 'Estados', 'equilíbrio', 'redução', 'regiões', 'maior', 'Constituição', 'constitucional', 'produtividade', 'ajustes', 'crescimento', 'consumidores', 'social', 'promoção', 'propriedade', 'direitos', 'maneira', 'medidas', 'constitucionais', 'justiça']","['Isso implica que esses fundos devem ser utilizados de acordo com diretrizes constitucionais para promover o desenvolvimento regional.', 'isso implica que a Constituição deveria guiar a redução das desigualdades regionais e o desenvolvimento econômico equilibrado.', 'isso implica que a Constituição é um instrumento que pode ser utilizado para promover o desenvolvimento econômico regional.']"
20,71,20_decisões_as decisões_implica que as decisões_que as decisões,"['decisões', 'as decisões', 'implica que as decisões', 'que as decisões', 'que decisões', 'implica que decisões', 'devem ser tomadas', 'as decisões do', 'que as decisões do', 'decisões do', 'Isso implica que decisões', 'Isso implica que as', 'isso implica que decisões', 'decisões importantes', 'decisões devem', 'decisões do STF', 'as decisões do STF', 'decisões devem ser', 'decisões tomadas', 'decisões monocráticas']","['decisões', 'monocráticas', 'importantes', 'princípios', 'Senado', 'Constituição', 'constitucionais', 'conformidade', 'inconstitucionais', 'transparência', 'senadores', 'acordo', 'contrárias', 'constitucional', 'leis', 'indígenas', 'base', 'funcionamento', 'povo', 'interesses', 'poderes', 'Poderes', 'controversas', 'nulidade', 'população', 'ditames', 'hierarquia', 'unilaterais', 'sujeitos', 'ações']","['Isso implica que as decisões do STF devem ser baseadas na Constituição.', 'Isso implica que as decisões devem ser tomadas respeitando a Constituição e buscando o diálogo.', 'Isso implica que decisões importantes devem ser tomadas coletivamente pelo Parlamento, não por decisões monocráticas.']"
21,68,21_das crianças_menores_de anos_menores de anos,"['das crianças', 'menores', 'de anos', 'menores de anos', 'anos não', 'adultos', 'direitos das crianças', 'os direitos das crianças', 'as crianças', 'ser julgados', 'podem ser julgados', 'os direitos', 'não podem ser julgados', 'não podem ser', 'de proteger', 'sociedade', 'responsabilidade', 'implica que Estado', 'que Estado', 'responsabilidade de']","['crianças', 'menores', 'anos', 'adultos', 'Estado', 'sociedade', 'responsabilidade', 'direitos', 'proteção', 'penal', 'setores', 'idade', 'crimes', 'especial', 'fundamentais', 'forma', 'sujeitos', 'sistema', 'legislação', 'princípio', 'questões', 'pedofilia', 'emancipações', 'urgente', 'atenção', 'geral', 'integral', 'regime', 'constitucional', 'brasileiro']","['Isso implica que menores de 18 anos não podem ser julgados como adultos no sistema penal brasileiro.', 'Isso implica que o Estado tem a responsabilidade de garantir a proteção e os direitos das crianças e adolescentes.', 'Isso implica que o Estado tem a responsabilidade de garantir os direitos das crianças e adolescentes.']"
22,65,22_trânsito_em julgado_trânsito em_trânsito em julgado,"['trânsito', 'em julgado', 'trânsito em', 'trânsito em julgado', 'antes do', 'implica que prisão', 'que prisão', 'prisão', 'isso implica que prisão', 'após trânsito', 'após trânsito em julgado', 'após trânsito em', 'inconstitucional', 'Isso implica que prisão', 'de trânsito', 'implica que ninguém', 'que ninguém', 'considerado culpado', 'pode ocorrer', 'inconstitucional isso implica']","['trânsito', 'julgado', 'prisão', 'sentença', 'inconstitucional', 'execução', 'penal', 'pena', 'instância', 'segunda instância', 'segunda', 'presunção', 'inocência', 'direito', 'provisória', 'Constituição', 'passagens', 'multas', 'estudantes', 'momento', 'dias', 'juiz', 'tramitação', 'matéria', 'julgamento', 'possível', 'autorização', 'liberdade', 'indígenas', 'terras']","['isso implica que a prisão antes do trânsito em julgado é inconstitucional', 'isso implica que a prisão antes do trânsito em julgado é inconstitucional.', 'isso implica que a prisão antes do trânsito em julgado é inconstitucional.']"
23,59,23_harmônica_harmônica isso_harmônica isso implica_harmônica isso implica que,"['harmônica', 'harmônica isso', 'harmônica isso implica', 'harmônica isso implica que', 'independente', 'de forma independente', 'forma independente', 'atuar de forma independente', 'atuar de forma', 'poder deve atuar de', 'cada poder deve atuar', 'que cada poder deve', 'implica que cada poder', 'de forma', 'isso implica que cada', 'forma', 'deve atuar de forma', 'deve atuar de', 'implica que cada', 'que Legislativo Executivo']","['harmônica', 'independente', 'forma', 'poder', 'Judiciário', 'Poderes', 'maneira', 'democracia', 'formas', 'benefício', 'interferência', 'complementar', 'interesse', 'poderes', 'político', 'público', 'Poder', 'sistema', '', '', '', '', '', '', '', '', '', '', '', '']","['isso implica que cada poder deve atuar de forma independente e harmônica.', 'isso implica que cada poder deve atuar de forma independente e harmônica.', 'isso implica que cada poder deve atuar de forma independente e harmônica.']"
24,59,24_crédito_de crédito_créditos_autorização,"['crédito', 'de crédito', 'créditos', 'autorização', 'suplementares', 'operações de crédito', 'créditos suplementares', 'operações de', 'sem autorização', 'crédito suplementar', 'abrir créditos', 'de crédito suplementar', 'decretos de', 'extraordinário', 'provisórias para', 'autorização do', 'autorização legislativa', 'não pode', 'Presidente', 'abertura de crédito']","['crédito', 'créditos', 'autorização', 'suplementares', 'abertura', 'operações', 'decretos', 'extraordinário', 'Presidente', 'cartões', 'situações', 'governo', 'Congresso', 'extraordinários', 'provisórias', 'legislativa', 'decreto', 'medidas', 'mercado', 'fiscais', 'crime', 'primário', 'responsabilidade', 'emissão', 'pedaladas', 'legal', 'uso', 'bancos', 'saudável', 'argumentos']","['Isso implica que o governo não pode editar decretos de crédito suplementar sem seguir essas condições.', 'isso implica que qualquer decreto de crédito suplementar sem autorização legislativa é inconstitucional.', 'isso implica que a Presidente da República não poderia ter editado decretos de abertura de créditos suplementares sem a devida autorização e que as operações de crédito realizadas foram ilegais.']"
25,55,25_petróleo_do petróleo_do ICMS_de petróleo,"['petróleo', 'do petróleo', 'do ICMS', 'de petróleo', 'implica que riqueza', 'implica que os Estados', 'que os Estados', 'de forma beneficiar toda', 'de forma beneficiar', 'petróleo deve', 'exploração', 'petróleo devem', 'exploração de petróleo', 'produtores', 'implica que os', 'ICMS sobre', 'deve ser distribuída', 'do petróleo devem', 'Isso implica que riqueza', 'que os']","['petróleo', 'Estados', 'riqueza', 'exploração', 'produtores', 'provenientes', 'receita', 'energia', 'forma', 'recursos', 'arrecadação', 'elétrica', 'produção', 'Municípios', 'parte', 'nação', 'brasileira', 'estados', 'distribuição', 'territórios', 'proveniente', 'impactos', 'população', 'sociedade', 'produtos', 'propriedade', 'regionais', 'gestão', 'empresa', 'sociais']","['Isso implica que a riqueza gerada pelo petróleo deve ser distribuída de forma a beneficiar toda a sociedade, diminuindo as diferenças regionais e sociais.', 'Isso implica que a riqueza proveniente do petróleo deve ser distribuída de forma a beneficiar toda a nação.', 'isso implica que a riqueza gerada pela exploração do petróleo deve ser distribuída de forma a beneficiar toda a nação.']"
26,54,26_judicial_decisão judicial_judicial isso implica_judicial isso,"['judicial', 'decisão judicial', 'judicial isso implica', 'judicial isso', 'judicial isso implica que', 'implica que qualquer', 'que qualquer', 'autorização judicial', 'judicialmente', 'judicial Isso implica que', 'judicial Isso implica', 'judicial Isso', 'isso implica que qualquer', 'qualquer ação', 'tratamento', 'judicial que', 'sem autorização judicial', 'respeitar esses direitos', 'durante processo', 'implica que qualquer ação']","['judicial', 'decisão', 'tratamento', 'autorização', 'processo', 'ação', 'violação', 'interceptação', 'constitucional', 'sistema', 'partes', 'fundamentais', 'direitos', 'adequado', 'legal', 'princípios', 'obrigação', 'ricos', 'publicação', 'argumentos', 'dívidas', 'sociais', 'emissão', 'trâmites', 'desigualdade', 'colaboração', 'distinção', 'sigilo', 'desvio', 'quebra']","['isso implica que qualquer ação judicial deve respeitar esses direitos e seguir o processo legal adequado.', 'Isso implica que qualquer decisão judicial que bloqueie salários é inconstitucional.', 'isso implica que qualquer ação judicial deve respeitar esses direitos fundamentais.']"
27,50,27_transparente_transparentes_devem ser transparentes_ao público,"['transparente', 'transparentes', 'devem ser transparentes', 'ao público', 'ser transparente', 'deve ser transparente', 'acessíveis ao público', 'público', 'forma transparente', 'transparentes acessíveis ao público', 'transparentes acessíveis', 'de forma transparente', 'transparentes acessíveis ao', 'devem ser transparentes acessíveis', 'ser transparentes acessíveis ao', 'ser transparentes acessíveis', 'acessíveis ao público isso', 'atos administrativos devem ser', 'ao público isso implica', 'ao público isso']","['transparente', 'transparentes', 'público', 'acessíveis', 'atos', 'forma', 'votações', 'administrativos', 'administração', 'ética', 'governo', 'pública', 'princípios', 'abertas', 'gastos', 'constitucionais', 'válidos', 'futebol', 'claros', 'responsável', 'contas', '', '', '', '', '', '', '', '', '']","['isso implica que todos os atos da administração pública devem ser transparentes e acessíveis ao público.', 'Isso implica que os atos administrativos devem ser transparentes e acessíveis ao público.', 'isso implica que os atos administrativos devem ser transparentes e acessíveis ao público.']"
28,49,28_penal_Penal_Código Penal_redução da,"['penal', 'Penal', 'Código Penal', 'redução da', 'exercício do mandato', 'Penal deve', 'Código Penal deve', 'penal Isso', 'penalizados', 'implica que redução', 'implica que redução da', 'penal Isso implica', 'penal Isso implica que', 'que redução', 'exercício do', 'penalmente', 'processual', 'por', 'civil', 'matéria']","['penal', 'maioridade', 'processual', 'exercício', 'redução', 'civil', 'matéria', 'mandato', 'parlamentares', 'princípios', 'novo', 'inconstitucional', 'emenda', 'atual', 'desatualizado', 'constitucionais', 'direito', 'conformidade', 'manifestações', 'Constituição', 'mudanças', 'possível', 'legislação', 'significativas', 'constitucional', 'alteração', 'perpétua', 'declarações', 'instituição', 'Parlamentares']","['Isso implica que a redução da maioridade penal seria inconstitucional.', 'isso implica que a redução da maioridade penal seria inconstitucional.', 'Isso implica que parlamentares não podem ser processados civil ou penalmente por suas opiniões, palavras e votos no exercício do mandato.']"
29,48,29_universal_acesso universal_acesso_garantir acesso universal,"['universal', 'acesso universal', 'acesso', 'garantir acesso universal', 'acesso universal igualitário', 'universal igualitário', 'garantir acesso', 'serviços de saúde', 'deve garantir acesso', 'Estado deve garantir acesso', 'implica que Estado', 'que Estado', 'implica que Estado deve', 'saúde isso', 'saúde isso implica que', 'que Estado deve garantir', 'Estado deve garantir', 'deve garantir', 'igualitário saúde', 'aos serviços de']","['universal', 'acesso', 'igualitário', 'saúde', 'serviços', 'Estado', 'cidadãos', 'ações', 'dever', 'responsabilidade', 'forma', 'igualitária', 'pública', '', '', '', '', '', '', '', '', '', '', '', '', '', '', '', '', '']","['Isso implica que o Estado deve garantir acesso universal e igualitário às ações e serviços de saúde.', 'Isso implica que o Estado deve garantir o acesso universal e igualitário às ações e serviços de saúde.', 'isso implica que o Estado deve garantir acesso universal e igualitário às ações e serviços de saúde.']"
30,46,30_implica que Congresso_Congresso_que Congresso_isso implica que Congresso,"['implica que Congresso', 'Congresso', 'que Congresso', 'isso implica que Congresso', 'Isso implica que Congresso', 'implica que Congresso deve', 'que Congresso deve', 'Congresso deve', 'Congresso Nacional', 'implica que Congresso Nacional', 'que Congresso Nacional', 'Congresso Nacional deve', 'implica que Congresso tem', 'que Congresso tem', 'Congresso tem', 'presidenciais isso', 'presidenciais isso implica que', 'presidenciais isso implica', 'deliberar sobre os', 'apreciação de']","['presidenciais', 'apreciação', 'prazo', 'votação', 'deliberação', 'constitucional', 'procedimento', 'específico', 'legislativas', 'legislativa', 'ordem', 'função', 'atividades', 'responsabilidade', 'papel', 'acordo', 'dever', 'hábil', 'conclusão', 'legislativo', 'insegurança', 'plena', 'poder', 'tempo', 'Constituição', 'processo', 'anos', 'jurídica', 'regras', '']","['isso implica que o Congresso tem a responsabilidade de deliberar sobre os vetos presidenciais de forma tempestiva.', 'isso implica que o Congresso Nacional tem a obrigação constitucional de deliberar sobre os vetos presidenciais em um prazo determinado.', 'isso implica que o Congresso Nacional deve apreciar e votar os vetos presidenciais.']"
31,46,31_implica que Estado não_que Estado não_Estado não_Isso implica que Estado,"['implica que Estado não', 'que Estado não', 'Estado não', 'Isso implica que Estado', 'implica que Estado', 'que Estado', 'que Estado não pode', 'Estado não pode', 'Estado', 'religiosos', 'direito de', 'Estado deve garantir liberdade', 'deve garantir liberdade', 'devem ser respeitadas', 'implica que Estado deve', 'que Estado deve', 'Estado deve', 'implica que todas as', 'implica que todas', 'que todas as']","['religião', 'liberdade', 'Estado', 'religiosos', 'direito', 'oficial', 'mesmo', 'expressão', 'exercício', 'maioria', 'respeito', 'mesmo tratamento', 'superiores', 'filhos', 'pais', 'reservas', 'constitucionais', 'políticas', 'valores', 'tratamento', 'situações', 'questões', 'acordo', 'parte', 'população', 'normas', 'indígenas', '', '', '']","['Isso implica que o Estado não pode impor uma religião oficial e deve respeitar a liberdade religiosa.', 'Isso implica que o Estado não pode favorecer ou discriminar nenhuma religião.', 'Isso implica que o Estado não pode favorecer ou discriminar nenhuma religião.']"
32,45,32_Constituição de_implica que Constituição de_que Constituição de_implica que Constituição,"['Constituição de', 'implica que Constituição de', 'que Constituição de', 'implica que Constituição', 'que Constituição', 'Constituição', 'Constituição de foi um', 'de foi um', 'Constituição de foi', 'que Constituição de foi', 'Isso implica que Constituição', 'da Constituição de', 'isso implica que Constituição', 'desde isso implica', 'desde isso', 'desde isso implica que', 'foi um marco para', 'Constituição de vista', 'que Constituição de vista', 'Constituição de vista como']","['Constituição', 'marco', 'avanço', 'direitos', 'mulheres', 'significativo', 'impacto', 'país', 'promulgação', 'violência', 'sistema', 'trabalhistas', 'constitucional', 'progressistas', 'rodovias', 'atual', 'categoria', 'liderança', 'desenvolvimento', 'social', 'falhas', 'papéis', 'doméstica', 'proteção', 'mesmas', 'prevista', 'direto', 'avanços', 'estruturais', 'reeleição']","['isso implica que a Constituição de 1988 foi um marco para o reconhecimento de direitos de grupos historicamente negligenciados.', 'Isso implica que a Constituição de 1988 foi um marco para a redemocratização do país', 'Isso implica que a Constituição de 1988 foi um marco para o avanço dos direitos dos cidadãos.']"
33,45,33_distribuição dos_petróleo_produtores_do petróleo,"['distribuição dos', 'petróleo', 'produtores', 'do petróleo', 'implica que distribuição', 'que distribuição', 'isso implica que distribuição', 'implica que distribuição dos', 'que distribuição dos', 'os Estados produtores', 'Estados produtores', 'exploração', 'que os Estados', 'implica que os Estados', 'Estados Municípios', 'do petróleo deve', 'petróleo deve', 'os Estados Municípios', 'que os Estados produtores', 'distribuição de']","['distribuição', 'petróleo', 'produtores', 'exploração', 'contratos', 'Municípios', 'regras', 'recursos', 'direito', 'compensação', 'mudanças', 'vigor', 'forma', 'legislação', 'equilíbrio', 'constitucionais', 'estabelecido', 'critérios', 'inconstitucionais', 'direitos', 'diferenciação', 'minerais', 'existentes', 'constitucional', 'Constituição', 'princípios', 'equitativa', 'objetivos', 'propriedade', 'territórios']","['isso implica que a distribuição dos royalties do petróleo deve ser equitativa entre todos os Estados e Municípios do Brasil.', 'isso implica que a distribuição dos royalties deve respeitar os direitos dos Estados e Municípios produtores.', 'isso implica que a distribuição dos royalties do petróleo deve considerar a justiça federativa e a compensação adequada aos Estados afetados.']"
34,43,34_educação_responsabilidade_responsabilidade de_Estado tem responsabilidade de,"['educação', 'responsabilidade', 'responsabilidade de', 'Estado tem responsabilidade de', 'que Estado tem responsabilidade', 'Estado tem responsabilidade', 'tem responsabilidade de', 'tem responsabilidade', 'implica que Estado tem', 'responsabilidade de garantir', 'uma responsabilidade', 'responsabilidade de garantir acesso', 'tem responsabilidade de garantir', 'de garantir acesso educação', 'garantir acesso educação', 'acesso educação', 'responsabilidade compartilhada entre', 'uma responsabilidade compartilhada entre', 'uma responsabilidade compartilhada', 'responsabilidade compartilhada']","['educação', 'responsabilidade', 'Estado', 'responsabilidades', 'sociedade', 'família', 'acesso', 'governo', 'infantil', 'específicas', 'veiculação', 'televisão', 'fundamental', 'retorno', 'nível', 'culturais', 'concessão', 'investimentos', 'programas', 'orador', 'empresas', 'pública', '', '', '', '', '', '', '', '']","['Isso implica que o Estado tem a responsabilidade de garantir o acesso à educação para todos os cidadãos.', 'isso implica que o Estado tem a responsabilidade de garantir o acesso à educação para todos os cidadãos.', 'Isso implica que o Estado tem a responsabilidade de garantir o acesso à educação fundamental.']"
35,41,35_implica que cada_que cada_implica que cada Poder_cada Poder,"['implica que cada', 'que cada', 'implica que cada Poder', 'cada Poder', 'que cada Poder', 'cada Poder deve', 'que cada Poder deve', 'cada', 'Poder deve', 'Isso implica que cada', 'isso implica que cada', 'Poder deve atuar', 'cada Poder deve atuar', 'Poder deve respeitar', 'cada Poder deve respeitar', 'sem interferência', 'suas competências', 'atuar dentro de', 'atuar dentro de suas', 'deve atuar']","['Poder', 'interferência', 'competências', 'funções', 'interferências', 'atribuições', 'Poderes', 'independente', 'poder', 'forma', 'liberdade', 'Executivo', 'decisões', 'bem', 'equilíbrio', 'indevida', 'excessiva', 'harmonia', 'cooperação', 'externas', 'institucional', 'país', 'Senado', '', '', '', '', '', '', '']","['Isso implica que cada Poder deve atuar dentro de suas competências sem interferir nos outros.', 'Isso implica que cada Poder deve atuar dentro de suas competências sem interferir nos outros.', 'Isso implica que cada Poder deve atuar dentro de suas competências sem interferir nos outros.']"
36,40,36_de responsabilidade_crime_Presidente_crime de responsabilidade,"['de responsabilidade', 'crime', 'Presidente', 'crime de responsabilidade', 'responsabilidade', 'implica que Presidente', 'que Presidente', 'crimes de responsabilidade', 'crimes de', 'Presidente da República', 'Presidente da', 'por crimes de responsabilidade', 'um presidente', 'isso implica que Presidente', 'Isso implica que Presidente', 'implica que Presidente da', 'que Presidente da', 'que Presidente Dilma', 'implica que Presidente Dilma', 'de responsabilidade Isso implica']","['crime', 'Presidente', 'responsabilidade', 'crimes', 'presidente', 'probidade', 'legal', 'orçamentária', 'decretos', 'suplementação', 'autorização', 'administrativa', 'provas', 'comprovação', 'cargo', 'evidências', 'indícios', 'improbidade', 'destituição', 'lei', 'artigo', 'inconstitucional', 'processo', 'constitucional', '', '', '', '', '', '']","['Isso implica que o Presidente da República pode ser investigado e processado por crimes de responsabilidade enquanto estiver no cargo.', 'isso implica que a Presidente da República, ao violar a probidade administrativa, comete um crime de responsabilidade', 'Isso implica que a Presidente da República pode ser julgada e possivelmente impedida por crimes de responsabilidade']"
37,40,37_de censura_qualquer forma de censura_de censura ou_forma de censura,"['de censura', 'qualquer forma de censura', 'de censura ou', 'forma de censura', 'implica que qualquer forma', 'que qualquer forma de', 'que qualquer forma', 'qualquer forma', 'qualquer forma de', 'implica que qualquer', 'que qualquer', 'censura prévia', 'Isso implica que qualquer', 'qualquer tentativa de censura', 'tentativa de censura', 'inconstitucional Isso implica que', 'inconstitucional Isso implica', 'inconstitucional Isso', 'que qualquer ato de', 'implica que qualquer ato']","['censura', 'inconstitucional', 'prévia', 'forma', 'ato', 'expressão', 'restrição', 'liberdade', 'tentativa', 'violação', 'pensamento', 'cerceamento', 'liberdades', 'constitucional', 'constitucionais', 'escolas', 'direitos', '', '', '', '', '', '', '', '', '', '', '', '', '']","['Isso implica que qualquer forma de censura prévia é inconstitucional.', 'Isso implica que qualquer forma de censura prévia é inconstitucional.', 'Isso implica que qualquer forma de censura prévia é inconstitucional.']"
38,39,38_que nenhum_nenhum_implica que nenhum_isso implica que nenhum,"['que nenhum', 'nenhum', 'implica que nenhum', 'isso implica que nenhum', 'que nenhum dos', 'nenhum dos', 'implica que nenhum dos', 'pode interferir', 'interferir nas', 'nenhum dos poderes', 'que nenhum dos poderes', 'dos poderes', 'poderes', 'do outro', 'interferir nas funções', 'funções', 'interferir nas funções do', 'que nenhum Poder', 'nenhum Poder', 'implica que nenhum Poder']","['poderes', 'funções', 'poder', 'Poder', 'atribuições', 'arbitrária', 'Poderes', 'maneira', 'indivíduo', 'influência', 'separação', 'abusos', 'forma', 'funcionamento', 'jurídica', 'ordem', '', '', '', '', '', '', '', '', '', '', '', '', '', '']","['isso implica que nenhum dos poderes pode interferir nas funções do outro.', 'isso implica que nenhum dos poderes pode interferir nas funções do outro.', 'isso implica que nenhum dos poderes pode interferir nas funções do outro.']"
39,39,39_Zona Franca_Franca_Zona_Zona Franca de Manaus,"['Zona Franca', 'Franca', 'Zona', 'Zona Franca de Manaus', 'Zona Franca de', 'Franca de Manaus', 'Franca de', 'que Zona Franca', 'que Zona', 'implica que Zona', 'implica que Zona Franca', 'que Zona Franca de', 'isso implica que Zona', 'Franca de Manaus tem', 'incentivos fiscais', 'Isso implica que Zona', 'desenvolvimento', 'da Zona', 'da Zona Franca', 'um reconhecimento']","['incentivos', 'fiscais', 'desenvolvimento', 'reconhecimento', 'constitucional', 'importância', 'regional', 'tratamento', 'respaldo', 'prorrogação', 'região', 'continuidade', 'especial', 'econômica', 'tributário', 'proteção', 'ambiental', 'papel', 'termos', 'integração', 'ordenamento', 'regime', 'jurídico', 'necessidade', 'brasileiro', 'social', 'fundamental', 'Constituição', '', '']","['isso implica que a Zona Franca de Manaus tem um reconhecimento constitucional que a diferencia de outros segmentos econômicos.', 'isso implica que a Zona Franca de Manaus deve ter tratamento tributário diferenciado.', 'isso implica que a Zona Franca de Manaus tem garantida sua continuidade constitucionalmente por 54 anos.']"
40,38,40_militar_militares_tentativa de golpe_golpe,"['militar', 'militares', 'tentativa de golpe', 'golpe', 'intervenção militar', 'implica que qualquer', 'os militares', 'que qualquer tentativa de', 'que qualquer tentativa', 'implica que qualquer tentativa', 'qualquer tentativa de', 'tentativa', 'militares não', 'militar Isso', 'militar Isso implica', 'de intervenção', 'militar Isso implica que', 'Isso implica que qualquer', 'regime', 'uma violação']","['militar', 'militares', 'golpe', 'intervenção', 'tentativa', 'regime', 'violação', 'greve', 'inconstitucional', 'ativa', 'ordem', 'ação', 'ditadura', 'direito', 'Constituição', 'policiais', 'ilegal', 'proposta', 'constitucional', 'constitucionais', 'políticos', 'questões', 'resistência', 'inadequadas', 'declaração', 'injustiça', 'atores', 'deposição', 'operação', 'ilegítima']","['isso implica que qualquer tentativa de golpe ou abolição do Estado de direito é uma violação direta da Constituição.', 'isso implica que qualquer tentativa de golpe ou deposição ilegítima do governo é uma violação da Constituição.', 'Isso implica que qualquer tentativa de golpe ou intervenção militar é inconstitucional.']"
41,36,41_Câmara_Câmara dos_Câmara dos Deputados_que Câmara,"['Câmara', 'Câmara dos', 'Câmara dos Deputados', 'que Câmara', 'implica que Câmara', 'implica que Câmara dos', 'que Câmara dos', 'que Câmara dos Deputados', 'Isso implica que Câmara', 'buscam', 'da Câmara', 'Câmara dos Deputados não', 'dos Deputados não', 'caminho', 'na Câmara', 'Câmara dos Deputados Isso', 'que buscam', 'Deputados não deveria', 'Deputados Isso implica que', 'Deputados Isso']","['Câmara', 'Senado', 'caminho', 'deputados', 'vereadores', 'Plenário', 'mandato', 'processo', 'volta', 'decisão', 'refúgio', 'leis', 'deliberações', 'adicional', 'comuns', 'apreciação', 'inconstitucional', 'perda', 'cassação', 'território', 'eleição', 'mandatos', 'administração', 'representantes', 'interesse', 'partidos', 'constitucional', 'aprovação', 'senadores', 'necessário']","['isso implica que a Câmara dos Deputados não pode alterar essa ordem de forma a prejudicar o Senado.', 'isso implica que a Câmara dos Deputados não deveria ter submetido a decisão ao Plenário.', 'Isso implica que a Câmara dos Deputados não deveria determinar como o Senado vota em relação à escolha de autoridades.']"
42,34,42_implica que STF_STF deve_isso implica que STF_do STF,"['implica que STF', 'STF deve', 'isso implica que STF', 'do STF', 'implica que STF deve', 'que STF deve', 'STF não', 'Isso implica que STF', 'STF não deve', 'que STF não', 'implica que STF não', 'que STF não deve', 'STF Isso', 'STF Isso implica que', 'STF Isso implica', 'Ministros do STF Isso', 'STF não deve agir', 'agir quando', 'STF está agindo', 'que STF está agindo']","['Ministros', 'constitucionais', 'Senado', 'abusos', 'Constituição', 'parte', 'completa', 'maneira', 'legislador', 'dever', 'composição', 'forma', 'funcionamento', 'atribuições', 'adequado', 'acordo', 'ideológica', 'conformidade', 'infrações', 'leis', 'títulos', 'conduta', 'denúncias', 'poder', 'nomeação', 'partidária', 'instância', 'requisitos', 'competências', 'decisão']","['Isso implica que o STF não deve agir de maneira partidária ou ideológica.', 'Isso implica que o STF deve agir de acordo com os princípios constitucionais e garantir a justiça.', 'isso implica que o STF não deve agir de maneira avassaladora e desrespeitosa em relação à Constituição.']"
43,34,43_um documento_texto constitucional_documento_texto,"['um documento', 'texto constitucional', 'documento', 'texto', 'Constituição um documento', 'que Constituição um documento', 'implica que Constituição um', 'que Constituição um', 'um documento que', 'documento que', 'implica que Constituição', 'texto constitucional Isso implica', 'texto constitucional Isso', 'constitucional', 'documentos', 'isso implica que Constituição', 'que pode ser adaptado', 'Constituição um documento que', 'texto constitucional isso', 'texto constitucional isso implica']","['documento', 'texto', 'constitucional', 'documentos', 'papel', 'Constituição', 'importante', 'formação', 'novos direitos', 'mudanças', 'sociais', 'novos', 'necessidades', 'segredo', 'país', 'intenção', 'grande', 'sigilo', 'prorrogação', 'temporal', 'atuais', 'composição', 'vigente', 'possibilidade', 'limite', 'importância', 'necessárias', 'atribuições', 'alteração', 'sociedade']","['isso implica que a Constituição é um documento flexível e aberto a mudanças.', 'isso implica que a Constituição é um documento que pode ser adaptado para promover justiça social.', 'isso implica que a Constituição é um documento que pode ser adaptado para refletir mudanças sociais e garantir novos direitos.']"
44,33,44_defender_se defender_de se defender_de defender,"['defender', 'se defender', 'de se defender', 'de defender', 'de se', 'têm dever de', 'coletividade', 'se defender adequadamente', 'de se defender adequadamente', 'presentes futuras', 'para as presentes futuras', 'as presentes', 'defender adequadamente', 'presentes futuras gerações', 'as presentes futuras gerações', 'as presentes futuras', 'futuras gerações', 'adequadamente', 'defendê lo', 'defendê']","['coletividade', 'futuras gerações', 'dever', 'presentes', 'gerações', 'futuras', 'acusados', 'interesses', 'direito', 'oportunidade', 'processos', 'judiciais', 'acusado', 'poder', 'meio', 'público', 'cidadãos', 'ambiente', 'julgamento', 'orador', 'responsabilidade', 'decisão', 'sociedade', 'Estado', 'país', '', '', '', '', '']","['Isso implica que o Poder Público e a coletividade têm o dever de defendê-lo e preservá-lo para as presentes e futuras gerações.', 'isso implica que o Poder Público e a coletividade têm o dever de defendê-lo e preservá-lo para as presentes e futuras gerações.', 'isso implica que tanto o poder público quanto a coletividade têm o dever de defendê-lo e preservá-lo para as presentes e futuras gerações.']"
45,33,45_servidores_os servidores_implica que os servidores_que os servidores,"['servidores', 'os servidores', 'implica que os servidores', 'que os servidores', 'de Rondônia', 'esses servidores', 'servidores de', 'implica que esses servidores', 'que esses servidores', 'dos servidores', 'servidores têm', 'territórios', 'transposição', 'que os', 'implica que os', 'servidores do ex', 'optar por', 'Rondônia isso implica que', 'Rondônia isso implica', 'incorporados']","['servidores', 'quadro', 'União', 'territórios', 'transposição', 'quadros', 'federal', 'direito', 'território', 'direitos', 'outubro', 'federais', 'estaduais', 'Estado', 'relação', 'estados', 'trabalho', 'precedente', 'antigos territórios', 'antigos', 'equivalentes', 'extinção', 'mesma', 'possibilidade', 'administração', 'possível', 'medida', 'pessoas', 'públicos', 'constitucional']","['Isso implica que os servidores de Rondônia podem ser integrados ao quadro federal.', 'Isso implica que os servidores desses territórios têm direito a tratamento isonômico com os servidores do Estado de Rondônia.', 'Isso implica que os servidores desses territórios devem ter tratamento isonômico com os servidores do Estado de Rondônia.']"
46,33,46_os Poderes_implica que os Poderes_Poderes devem_que os Poderes,"['os Poderes', 'implica que os Poderes', 'Poderes devem', 'que os Poderes', 'que os Poderes devem', 'os Poderes devem', 'equilíbrio entre', 'harmonia', 'entre os Poderes', 'entre os', 'equilíbrio entre os', 'equilibrada', 'um equilíbrio', 'que os', 'Poderes devem trabalhar', 'os Poderes devem trabalhar', 'Poderes devem atuar de', 'se sobrepor aos outros', 'devem trabalhar juntos', 'equilíbrio entre os Poderes']","['Poderes', 'equilíbrio', 'harmonia', 'poderes', 'forma', 'independente', 'Senado', 'harmônicos', 'desequilíbrio', 'federativo', 'institucional', 'Executivo', 'estrutura', 'cooperativos', 'freios', 'contrapesos', 'Poder', 'independentes', 'extinção', 'unidades', 'respeitosa', 'federativas', 'excessiva', 'impunidade', 'concentração', 'poder', 'justo', 'essencial', 'bem', 'democrático']","['Isso implica que os Poderes devem buscar a união e a harmonia entre si.', 'isso implica que os Poderes devem atuar de forma equilibrada e independente, sem excessos.', 'isso implica que os Poderes devem atuar de forma equilibrada e independente.']"
47,33,47_instrumento_um instrumento_instrumentos_instrumento de,"['instrumento', 'um instrumento', 'instrumentos', 'instrumento de', 'um instrumento para', 'instrumento para', 'que Constituição um instrumento', 'Constituição um instrumento', 'implica que Constituição', 'implica que Constituição um', 'que Constituição um', 'como instrumento', 'instrumentos para', 'um instrumento de', 'Isso implica que Constituição', 'Constituição foi um instrumento', 'foi um instrumento', 'opressão', 'não podem ser usadas', 'implica que propriedades']","['instrumento', 'instrumentos', 'Constituição', 'opressão', 'direitos', 'democracia', 'propriedades', 'promoção', 'proteção', 'justiça', 'elaboração', 'social', 'rurais', 'pessoa', 'cidadania', 'humanos', 'homem', 'população', 'fundamentais', 'agenda', 'fundamental', 'demanda', 'realização', 'local', 'superior', 'Estado', 'escravo', 'CPIs', 'transição', 'crise']","['Isso implica que a Constituição é um instrumento para promover justiça social e reconhecimento profissional.', 'isso implica que a Constituição é um instrumento de realização dos direitos fundamentais do homem.', 'Isso implica que a Constituição é um instrumento de proteção dos direitos humanos e da cidadania.']"
48,32,48_Armadas_Forças Armadas_Forças_as Forças Armadas,"['Armadas', 'Forças Armadas', 'Forças', 'as Forças Armadas', 'as Forças', 'implica que as Forças', 'que as Forças Armadas', 'que as Forças', 'Armadas devem', 'Forças Armadas devem', 'das Forças', 'das Forças Armadas', 'as Forças Armadas devem', 'ordem', 'as Forças Armadas têm', 'Forças Armadas têm', 'Armadas têm', 'isso implica que as', 'combate ao', 'situações de']","['ordem', 'situações', 'combate', 'uso', 'funções', 'papel', 'desordem', 'segurança', 'pública', 'fronteiras', 'armas', 'crise', 'constitucional', 'narcotráfico', 'sociedade', 'desportivas', 'vigilância', 'disciplina', 'hierarquia', 'cursos', 'polícias', 'constitucionais', 'terrorismo', 'alimentação', 'apoio', 'território', 'democráticas', 'militares', 'assistência', 'práticas']","['Isso implica que as Forças Armadas não estão atualmente envolvidas no combate ao narcotráfico.', 'isso implica que as Forças Armadas devem agir sempre em conformidade com a Constituição.', 'Isso implica que as Forças Armadas têm funções específicas definidas constitucionalmente.']"
49,30,49_secreto_voto secreto_secretos_implica que voto secreto,"['secreto', 'voto secreto', 'secretos', 'implica que voto secreto', 'que voto secreto', 'implica que voto', 'que voto', 'isso implica que voto', 'secreto uma', 'que voto secreto uma', 'voto secreto uma', 'votação', 'são inconstitucionais', 'implica que atos', 'voto secreto isso', 'forma secreta', 'secreto isso implica que', 'secreto isso implica', 'secreto isso', 'votações secretas']","['secreto', 'voto', 'secretos', 'secreta', 'secretas', 'votações', 'votação', 'atos', 'cassação', 'inconstitucionais', 'casos', 'plenário', 'legislador', 'previsão', 'norma', 'prática', 'senadores', 'ordinário', 'nulos', 'Senado', 'assunto', 'constitucional', 'Constituição', 'circunstâncias', 'sessões', 'intenção', 'indicação', 'comum', 'regra', 'administrativos']","['isso implica que o voto secreto é uma prática constitucionalmente reconhecida e estabelecida para certas deliberações não legislativas do Senado.', 'isso implica que o voto secreto é uma proteção ao eleitor contra pressões externas.', 'isso implica que o voto secreto imposto por Eduardo Cunha foi inconstitucional.']"
50,30,50_trabalhadores_domésticos_trabalhadores domésticos_os trabalhadores,"['trabalhadores', 'domésticos', 'trabalhadores domésticos', 'os trabalhadores', 'os trabalhadores domésticos', 'que os trabalhadores domésticos', 'implica que os trabalhadores', 'que os trabalhadores', 'outros trabalhadores', 'os mesmos direitos', 'os mesmos direitos que', 'direitos trabalhistas', 'ter os mesmos', 'trabalhadores isso implica', 'trabalhadores isso', 'trabalhadores isso implica que', 'trabalhistas', 'outros trabalhadores isso', 'outros trabalhadores isso implica', 'que os']","['trabalhadores', 'domésticos', 'mesmos', 'mesmos direitos', 'direitos', 'trabalhistas', 'urbanos', 'previdenciários', 'rurais', 'benefícios', 'semelhantes', 'acesso', 'relação', 'limitações', 'direito', '', '', '', '', '', '', '', '', '', '', '', '', '', '', '']","['isso implica que os trabalhadores domésticos devem ter os mesmos direitos trabalhistas que os demais trabalhadores.', 'isso implica que os trabalhadores domésticos terão os mesmos direitos que outros trabalhadores.', 'isso implica que os trabalhadores domésticos devem ter os mesmos direitos que outros trabalhadores formais.']"
51,29,51_gastos_de gastos_teto de gastos_os gastos,"['gastos', 'de gastos', 'teto de gastos', 'os gastos', 'gastos públicos', 'limitar', 'Isso implica que governo', 'estabelecido', 'gás', 'públicos pode', 'gastos com', 'pela PEC', 'os gastos públicos', 'implica que governo', 'que governo', 'gasto', 'estabilidade econômica', 'como uma', 'transferências', 'como']","['gastos', 'teto', 'aumento', 'limite', 'públicos', 'gás', 'gasto', 'transferências', 'governo', 'áreas', 'econômica', 'estabilidade', 'saúde', 'emenda', 'obrigatórios', 'meio', 'excessivos', 'injusta', 'sujeitas', 'prejudicial', 'limites', 'natural', 'sociais', 'inadequada', 'limitação', 'percentuais', 'fontes', 'privadas', 'direitos', 'revisão']","['Isso implica que a renda básica estaria fora do limite do teto de gastos estabelecido pela PEC 95.', 'Isso implica que essas despesas devem ser excluídas do teto de gastos.', 'Isso implica que essas transferências não estão sujeitas ao teto de gastos estabelecido pela PEC 55.']"
52,29,52_Regimento_Regimento Interno_que Regimento Interno_que Regimento,"['Regimento', 'Regimento Interno', 'que Regimento Interno', 'que Regimento', 'regimento', 'que Regimento Interno do', 'Interno do Senado', 'Regimento Interno do Senado', 'Regimento Interno do', 'regimento interno', 'implica que Regimento Interno', 'implica que Regimento', 'regimentais', 'seguir regimento', 'isso implica que Regimento', 'seguir Regimento', 'seguir regimento interno', 'Isso implica que Regimento', 'regimentais Isso', 'regimentais Isso implica que']","['Regimento', 'regimento', 'interno', 'Constituição', 'Senado', 'regimentais', 'votações', 'conformidade', 'constitucionais', 'votação', 'regras', 'constituição', 'maçonaria', 'explícita', 'preferência', 'regulamentos', 'direito', 'requerimento', 'fidelidade', 'decisões', 'mudanças', 'ausência', 'lei', 'partido', 'regra', 'pressões', 'apreciação', 'externas', 'partidária', 'cumprimento']","['isso implica que o Regimento Interno do Senado deveria ter sido atualizado para refletir as mudanças constitucionais.', 'isso implica que o Regimento Interno do Senado não pode se sobrepor a esse direito constitucional.', 'Isso implica que o Regimento Interno do Senado deve ser alterado para refletir esses princípios constitucionais.']"
