Topic,Count,Name,Representation,Aspect1,Aspect2,Representative_Docs
-1,2258,-1_Constituição Federal_Constituição estabelece_constitucionais_Constituição Constituição,"['Constituição Federal', 'Constituição estabelece', 'constitucionais', 'Constituição Constituição', 'nossa Constituição', 'constitucional', 'art Constituição', 'Constituição', 'impeachment', 'Congresso']","['Constituição', 'direito', 'direitos', 'Estado', 'constitucional', 'Presidente', 'processo', 'Senado', 'constitucionais', 'responsabilidade']","['Constituição Federal', 'Constituição estabelece', 'constitucionais', 'Constituição Constituição', 'nossa Constituição', 'constitucional', 'art Constituição', 'Constituição', 'impeachment', 'Supremo Tribunal Federal']","['a Constituição estabelece que o crime de responsabilidade por atentar contra a probidade administrativa e contra as leis orçamentárias é passível de julgamento político pelo Senado Federal, após autorização da Câmara dos Deputados. Isso implica que a Presidente da República pode ser julgada e possivelmente impedida por crimes de responsabilidade. Por causa disso, o orador defende que o processo de impeachment da Presidente Dilma Rousseff deve seguir adiante, pois acredita que ela cometeu crimes de responsabilidade conforme definido pela Constituição.. ""Assim define a Constituição Federal, no seu art. 85: crime de responsabilidade por atentar contra a probidade administrativa; crime de responsabilidade por atentar contra as leis orçamentárias e, como consequência, mergulhar o nosso País em uma mais absurda desorganização econômica, com elevados reflexos sociais.""', ""a Constituição estabelece que as usinas que operam com reator nuclear deverão ter suas localizações definidas em lei federal, sem o que não poderão ser instaladas.. isso implica que o governo deve seguir um procedimento legal específico para a instalação de usinas nucleares.. Por causa disso, o orador destaca a importância de o Congresso Nacional cumprir seu papel constitucional na definição das localizações das usinas nucleares, conforme o art. 225, § 6º, da Constituição.. Lembrou à Presidenta Dilma Rousseff que iria exigir o cumprimento do art. 225, § 6º, da Constituição, que estabelece: 'As usinas que operam com reator nuclear deverão ter suas localizações definidas em lei federal, sem o que não poderão ser instaladas'."", 'A Constituição estabelece que o Congresso Nacional deve se manifestar sobre o veto do Presidente e, se o veto for derrubado, o Presidente da República tem 48 horas para promulgar a decisão.. Isso implica que, se o Presidente da República não promulgar a decisão dentro do prazo, o Presidente do Senado deve fazê-lo.. Por causa disso, o orador reforça a importância de seguir o procedimento constitucional para a promulgação de leis, garantindo que o Congresso Nacional exerça seu poder de forma plena e respeite o processo legislativo estabelecido.. O art. 66 da Constituição é muito claro, e esta Casa tem a obrigação de honrar a Constituição que todos nós juramos. No seu § 5º, ela diz: feito o veto, o Congresso Nacional se manifestará sobre o veto do Presidente... Aí, vem o § 7º, da Constituição, no seu art. 66, que diz: se a lei não foi promulgada dentro de quarenta e oito horas pelo Presidente da República, nos termos dos casos dos §§ 3º e 5º, o Presidente do Senado a promulgará.']"
0,7708,0_impeachment_processo impeachment_inconstitucional_Constituição estabelece,"['impeachment', 'processo impeachment', 'inconstitucional', 'Constituição estabelece', 'constitucionais', 'constitucional', 'Constituição Federal', 'art Constituição', 'Constituição Constituição', 'Constituição']","['Constituição', 'direitos', 'direito', 'Estado', 'constitucional', 'Presidente', 'constitucionais', 'Senado', 'processo', 'lei']","['impeachment', 'processo impeachment', 'inconstitucional', 'Constituição estabelece', 'constitucional', 'Constituição Federal', 'art Constituição', 'Constituição Constituição', 'Constituição', 'Supremo Tribunal Federal']","['a Constituição deve ser respeitada e observada, especialmente em relação a crimes de responsabilidade que podem levar ao impeachment.. isso implica que o Governo deve agir conforme a lei e a Constituição, sob pena de sofrer consequências legais, como o impeachment.. Por causa disso, o orador defende que o Congresso Nacional deve rejeitar as contas de 2014 da Presidente Dilma Rousseff, considerando que a prática das pedaladas fiscais configura crime de responsabilidade, conforme previsto na Constituição.. ""Vão ter que contabilizá-las, porque, se não, correm o risco, sim, de crime, e crime de responsabilidade gera impeachment. O Governo treme, a Presidente se apavora, os Deputados e aliados do Governo se sentem inconformados com a possibilidade de isso acontecer em nome da lei, observado o que diz a Constituição Federal.""', 'a Constituição estabelece que o impeachment deve seguir um processo legal e justo.. isso implica que qualquer desvio desse processo pode ser considerado um golpe contra a democracia.. Por causa disso, o orador não reconhece legitimidade no governo de Michel Temer, argumentando que ele chegou ao poder pelo trucidamento da Constituição Federal, e não por meio das urnas.. Vamos seguir apontando essa trama sórdida que solapou o Estado democrático de direito, e não há a menor possibilidade de reconhecermos qualquer legitimidade em um governo que não chegou ao poder por meio das urnas, mas pelo trucidamento da Constituição Federal.', 'A Constituição estabelece que promover a melhoria das condições habitacionais é competência material comum da União, dos estados, do Distrito Federal e dos municípios.. Isso implica que o Estado brasileiro tem a obrigação legal de criar programas habitacionais para profissionais de segurança pública.. Por causa disso, o orador apoia a aprovação do PLV nº 1, de 2022, que visa implementar o Programa Habite Seguro, respeitando os princípios constitucionais e promovendo o direito à moradia digna para profissionais de segurança pública.. A matéria não afronta as vedações impostas às medidas provisórias, prescritas pelo §1º do art. 62 da Constituição Federal, tampouco avança sobre temas da competência exclusiva do Congresso Nacional ou de qualquer de suas Casas. O PLV está em linha ainda com os princípios constitucionais fundamentais e não desrespeita os direitos e garantias individuais e sociais.']"
1,2726,1_Constituição estabelece_constitucionais_constitucional_art Constituição,"['Constituição estabelece', 'constitucionais', 'constitucional', 'art Constituição', 'Constituição', 'Constituição Federal', 'Constituição Constituição', 'emenda', 'legislação', 'democracia']","['Constituição', 'direitos', 'direito', 'Estado', 'constitucional', 'Senado', 'constitucionais', 'Presidente', 'lei', 'saúde']","['Constituição estabelece', 'constitucionais', 'constitucional', 'art Constituição', 'Constituição', 'Constituição Federal', 'Constituição Constituição', 'emenda', 'Congresso Nacional', 'Supremo Tribunal Federal']","['a Constituição consagra direitos universais, incluindo o direito à educação.. Isso implica que o Governo Federal deve assegurar esses direitos a todos os estudantes, sem discriminação.. Por causa disso, o orador defende que o Ministério da Educação deve tratar a Universidade Salgado de Oliveira de forma justa e igualitária, conforme os direitos consagrados na Constituição, e homologar os cursos já previstos no Estatuto da Universidade.. Trata-se do delito do preconceito, pois estão descriminando estudantes do meu Estado, o Estado de Goiás, que não estão tendo os mesmos direitos dos jovens de outras unidades da Federação, direitos consagrados universalmente, inclusive na Constituição Federal.', 'a Constituição estabelece que o Município deve investir 15% de seu orçamento em saúde.. isso implica que os Municípios têm responsabilidades financeiras específicas em saúde, mas não há uma obrigação equivalente para a União.. Por causa disso, o orador critica a falta de previsão constitucional de investimento mínimo da União em saúde, destacando a necessidade de uma revisão constitucional para garantir um financiamento mais equitativo entre os entes federativos.. na Constituição - e, diga-se de passagem, eu me rebelei contra isso -, na questão da saúde, está estabelecido que o Município tem que investir 15% e que o Estado tem que investir 12% de seus orçamentos, mas não está estabelecido quanto a União deve investir.', 'a Constituição Federal de 1988 iniciou uma política de Estado para a educação.. Isso implica que a educação passou a ser tratada como uma prioridade nacional.. Por causa disso, o orador defende que o Congresso Nacional deve ser ouvido na Ação Direta de Inconstitucionalidade sobre o piso salarial dos professores, pois a lei foi aprovada por unanimidade e não foi considerada inconstitucional nas comissões.. O Brasil só começou a ter uma política de Estado para a educação a partir da Constituição Federal de 1988.']"
2,685,2_Constituição garante_Constituição Federal_constitucionais_nossa Constituição,"['Constituição garante', 'Constituição Federal', 'constitucionais', 'nossa Constituição', 'Constituição estabelece', 'art Constituição', 'constitucional', 'Constituição', 'Presidente República', 'Senado']","['Constituição', 'Estado', 'direitos', 'direito', 'Estados', 'constitucionais', 'Presidente', 'constitucional', 'República', 'Senado']","['Constituição garante', 'Constituição Federal', 'constitucionais', 'nossa Constituição', 'Constituição estabelece', 'art Constituição', 'constitucional', 'Constituição', 'Presidente República', 'Supremo Tribunal Federal']","['a Constituição não incluía o direito à alimentação entre os direitos sociais.. isso implica que havia uma lacuna nos direitos sociais previstos na Constituição.. Por causa disso, o orador apoia a inclusão do direito à alimentação na Constituição, através da PEC da Alimentação, para garantir esse direito social fundamental aos cidadãos brasileiros.. Notamos que, ao olhar a nossa Constituição, havia algumas lacunas. No art. 6º, há o direito ao trabalho, à educação, à saúde, à moradia, à segurança, à previdência social, à proteção à maternidade, à infância, à assistência aos desamparados, mas o direito à alimentação, que hoje é preocupação no mundo inteiro, não constava da nossa Constituição.', 'a Constituição garante o direito à igualdade, à liberdade e a uma vida digna. isso implica que o Estado deve assegurar esses direitos fundamentais a todos os cidadãos. por causa disso, o Senado deve trabalhar para garantir que as leis e políticas públicas respeitem e promovam esses direitos. O compromisso do Senado Federal é com o povo brasileiro, que anseia por um país mais justo, próspero e harmonioso. Trabalharemos incansavelmente para garantir a todos, como estabelece a nossa Constituição, o direito à igualdade, à liberdade e a uma vida digna; o direito de prosperar e ser feliz.', 'a Constituição estabelece que os Ministros do Supremo Tribunal Federal sejam nomeados pelo Presidente da República, após aprovação por maioria absoluta do Senado Federal, e que sejam escolhidos entre os cidadãos com mais de 35 anos e menos de 65 anos de idade e de notável saber jurídico.. isso implica que a nomeação de José Antonio Dias Toffoli para o STF está de acordo com os requisitos constitucionais, mesmo sem títulos de mestrado ou doutorado.. Por causa disso, o orador defende a indicação de José Antonio Dias Toffoli para o Supremo Tribunal Federal, argumentando que ele preenche os requisitos constitucionais para o cargo, mesmo sem títulos de mestrado ou doutorado.. ""Sejamos pragmáticos. O art. 101 da Constituição da República determina que os Ministros do Supremo Tribunal Federal sejam nomeados pelo Presidente da República, após aprovação por maioria absoluta do Senado Federal, e que sejam escolhidos entre os cidadãos com mais de 35 anos e menos de 65 anos de idade e de notável saber jurídico.""']"
3,369,3_Constituição Federal_constitucionais_Constituição estabelece_constitucional,"['Constituição Federal', 'constitucionais', 'Constituição estabelece', 'constitucional', 'Constituição', 'Congresso Nacional', 'Legislativo', 'Congresso', 'Senado', 'Supremo Tribunal Federal']","['Constituição', 'Estado', 'direitos', 'lei', 'constitucional', 'direito', 'Estados', 'medidas', 'importância', 'Presidente']","['Constituição Federal', 'constitucionais', 'Constituição estabelece', 'constitucional', 'Constituição', 'Congresso Nacional', 'Senado', 'Supremo Tribunal Federal', 'impeachment', 'medidas provisórias']","['a Constituição estabelece que o Supremo Tribunal Federal é o guardião da Constituição e das leis.. Isso implica que o Supremo Tribunal Federal tem a responsabilidade de assegurar o cumprimento das normas constitucionais e legais, mesmo em face de pressões políticas ou sociais.. Por causa disso, o orador defende a atuação do Supremo Tribunal Federal em decisões que reforçam a aplicação da Constituição, como na questão do nepotismo e na insubsistência da prisão civil do depositário infiel, sugerindo que o Congresso deve seguir o exemplo do STF em coragem e compromisso com a Constituição.. o papel de guardião que tem sido o Supremo Tribunal Federal da Constituição Federal, das leis e da dignidade humana.', 'a Constituição permite a instituição de medidas provisórias.. Isso implica que o Executivo pode legislar temporariamente em certas circunstâncias.. Por causa disso, o orador critica a inclusão das medidas provisórias na Constituição de 1988, sugerindo que sua implementação sem devidos cuidados pode paralisar o Congresso Nacional.. Hoje eu vejo como a pouca experiência democrática levou o Brasil e a Constituição Federal a instituírem a medida provisória sem tomar os devidos cuidados de fazer com que ela não significasse a paralisação do Congresso Nacional.', 'a Constituição deve ser defendida e respeitada, especialmente em relação à não discriminação e à proteção dos direitos dos cidadãos. isso implica que o Presidente da República não pode discriminar ou ameaçar regiões ou grupos sociais, como os nordestinos, sob pena de cometer crime de responsabilidade. Por causa disso, o orador sugere que o Presidente da República pode estar cometendo crime de responsabilidade ao discriminar estados nordestinos, o que poderia levar a questionamentos legais sobre sua conduta.. O Presidente tem que primeiro fazer contas, [...] já que o Senhor não teve o cuidado de ler: a Constituição Federal, a Carta Maior deste País. É para ela que este Congresso, a democracia, o Supremo e todos os Poderes e instituições representadas têm de trabalhar.']"
4,309,4_processo impeachment_impeachment_Constituição estabelece_princípios constitucionais,"['processo impeachment', 'impeachment', 'Constituição estabelece', 'princípios constitucionais', 'constitucional', 'nossa Constituição', 'constitucionais', 'art Constituição', 'Constituição Constituição', 'Constituição']","['Constituição', 'direito', 'Estado', 'direitos', 'constitucional', 'Presidente', 'Congresso', 'princípios', 'constitucionais', 'processo']","['processo impeachment', 'impeachment', 'Constituição estabelece', 'princípios constitucionais', 'constitucional', 'nossa Constituição', 'art Constituição', 'Constituição Constituição', 'Constituição Federal', 'Supremo Tribunal Federal']","['a Constituição prevê que o afastamento de um Presidente da República deve ser uma exceção. isso implica que o processo de impeachment deve ser conduzido com cautela e respeito ao direito de defesa. Por causa disso, o orador defende que o processo de impeachment deve respeitar o direito de defesa da Presidenta Dilma, conforme previsto na Constituição, e critica a aceleração do processo como uma violação desse direito.. Então, é esse o desespero que faz com que um processo tão complexo, como sempre temos dito aqui, de afastamento de um Presidente da República, que deveria ser uma exceção, como está previsto na própria Constituição, tome esses ares de uma tramitação completamente açodada, violando o direito de defesa.', 'o impeachment é uma previsão constitucional, portanto, é democrático. Isso implica que qualquer cidadão brasileiro maior de idade ou qualquer instituição brasileira pode propor o impeachment.. Por causa disso, o orador reforça a importância de seguir o processo de impeachment conforme previsto na Constituição, garantindo que ele seja conduzido de forma legal e sob a supervisão do Supremo Tribunal Federal.. Um processo de impeachment só pode prosperar se for amparado pelo que garante e exige a nossa Constituição. Por isso é importante dizer à população: ao aceitarmos aqui ou admitirmos o processo de impeachment, vamos julgá-lo depois, sob a presidência do Presidente do Supremo Tribunal Federal, o Ministro Lewandowski, que não vai votar; o Ministro vai apenas presidir a sessão, para que nós, os 21 Senadores e mais os suplentes da Comissão, tenhamos a responsabilidade de analisar e julgar o processo de impeachment. Aí, sim, vamos decidir sob a observância do Presidente do Supremo Tribunal Federal, que será o guardião da Constituição brasileira, porque não pode haver nenhum atropelo.', 'a Constituição estabelece prerrogativas específicas para os Poderes Legislativo e Executivo, além de direitos para as comunidades indígenas.. isso implica que o Supremo Tribunal Federal e o Executivo não devem interferir nas funções legislativas e nos direitos indígenas estabelecidos constitucionalmente.. Por causa disso, o orador critica a atuação do Supremo Tribunal Federal e do Executivo por interferirem em prerrogativas do Legislativo, defendendo que o Congresso Nacional deve ser o responsável por legislar sobre questões como o marco temporal e o Estatuto do Índio.. Os arts. 176 e 231 da Constituição Federal estabelecem já que as comunidades indígenas têm o direito de criarem as cooperativas para explorar riquezas de suas terras... No entanto – e infelizmente –, os povos originários vêm sendo impedidos de exercer esses direitos. São órgãos do Poder Executivo que confrontam sistematicamente esses direitos constitucionais.']"
5,155,5_previsto Constituição_Constituição assegura_art Constituição Federal_Constituição estabelece,"['previsto Constituição', 'Constituição assegura', 'art Constituição Federal', 'Constituição estabelece', 'art Constituição', 'Constituição Federal', 'constitucionais', 'constitucional', 'Constituição', 'Congresso Nacional']","['Constituição', 'direitos', 'constitucional', 'direito', 'indígenas', 'constitucionais', 'importância', 'reforma', 'Presidente', 'forma']","['previsto Constituição', 'Constituição assegura', 'art Constituição Federal', 'Constituição estabelece', 'art Constituição', 'Constituição Federal', 'constitucionais', 'constitucional', 'Constituição', 'Presidente República']","['a Constituição assegura direitos que não podem ser retirados.. isso implica que qualquer reforma deve respeitar esses direitos assegurados.. Por causa disso, o orador critica a reforma trabalhista, argumentando que ela retira direitos assegurados pela Constituição, como os direitos das mulheres lactantes e gestantes em locais insalubres.. Ele se refere a medidas, ao art. 5º, como uma referência a direitos que não podem ser retirados da Constituição – e é verdade –, mas não se refere a diversos aspectos e direitos que são conquistados na negociação para os trabalhadores, que perderão, sim, a possibilidade de obtê-los.', 'A Constituição estabelece que a saúde é um direito humano essencial e que atentar contra esse direito é um crime de responsabilidade do Presidente da República.. Isso implica que o Presidente da República pode ser responsabilizado por ações ou omissões que atentem contra o direito à saúde.. Por causa disso, o orador defende a instauração de uma CPI da Covid para investigar possíveis crimes de responsabilidade do Presidente da República e de Ministros da Saúde durante a pandemia, conforme previsto na Constituição.. A saúde é um direito humano, um direito humano essencial. Isso está recepcionado pela Constituição Federal, Sr. Presidente, tanto no art. 6º quanto no art. 196. A Constituição Federal também, no art. 85, III, estabelece que são crimes de responsabilidade do Presidente da República atentar contra esse direito humano essencial que é a saúde.', 'a Constituição estabelece que medidas provisórias devem ser apreciadas pelo Congresso Nacional.. isso implica que o Congresso tem um papel essencial na revisão e aprovação de medidas provisórias.. Por causa disso, o orador defende a continuidade da discussão da medida provisória em questão, garantindo o direito de fala dos senadores, conforme os dispositivos regimentais e constitucionais mencionados.. Implícito: ""dispõe sobre a apreciação pelo Congresso Nacional das medidas provisórias a que se refere o art. 62 da Constituição Federal""']"
6,146,6_Constituição brasileira_Constituição estabelece_emenda Constituição_constitucional,"['Constituição brasileira', 'Constituição estabelece', 'emenda Constituição', 'constitucional', 'constitucionais', 'art Constituição', 'Constituição Constituição', 'Constituição', 'Constituição Federal', 'impeachment']","['Constituição', 'Estado', 'União', 'direito', 'constitucional', 'processo', 'direitos', 'recursos', 'fundamentais', 'saúde']","['Constituição brasileira', 'Constituição estabelece', 'emenda Constituição', 'constitucionais', 'art Constituição', 'Constituição Constituição', 'Constituição', 'Constituição Federal', 'processo impeachment', 'Presidente República']","['a Constituição de 1988 estabelece que o Ministério Público deve defender o interesse público e assegurar que todos são iguais e livres, garantindo o devido processo legal e a harmonia entre os Poderes.. isso implica que o Ministério Público deve atuar de forma imparcial e dentro dos limites legais para proteger os direitos dos cidadãos e manter a estabilidade da Nação.. Por causa disso, o orador reforça a importância do Ministério Público cumprir seu papel constitucional de defensor da sociedade, garantindo que todos são iguais perante a lei e que o devido processo legal seja respeitado.. ""sob a Constituição de 1988, a Nação brasileira tem escolhido construir sua história valorizando a liberdade de expressão e de reunião, apreciando a democracia, repudiando a corrupção e pedindo o reconhecimento dos seus direitos. [E] O Ministério Público como defensor constitucional do interesse público posta-se [disse ela] ao lado dos cidadãos para cumprir o que lhe incumbe claramente a Constituição.""', 'a Constituição estabelece o equilíbrio dos poderes e a soberania do voto popular.. isso implica que qualquer processo que destitua um presidente eleito deve respeitar estritamente os princípios constitucionais.. Por causa disso, o orador defende que o Senado Federal deve rejeitar o processo de impeachment contra a Presidenta Dilma Rousseff, considerando-o um golpe contra a Constituição.. Os arquitetos, urbanistas respeitados no mundo inteiro não fizeram essa Praça dos Três Poderes por acaso, não; eles olharam a Constituição do Brasil: o Palácio do Planalto, o Executivo; o Supremo Tribunal; e o Congresso Nacional um pouco mais à frente e mais ao alto. É o equilíbrio dos poderes que estamos vivendo.', 'A Constituição estabelece as relações internacionais que devemos manter, incluindo a não intervenção.. Isso implica que o Brasil não pode intervir nos assuntos internos de outros Estados.. Por causa disso, o orador critica a rapidez do processo de impeachment no Paraguai, sugerindo que não houve respeito ao devido processo legal e ao direito à ampla defesa, conforme estabelecido na Constituição do Paraguai e em princípios universais de direitos humanos.. Na República Federativa do Brasil, o art. 4º da Constituição estabelece as relações que devemos manter internacionalmente, e um dos pontos ali estabelecidos é a não intervenção.']"
7,141,7_constitucionais_impeachment_Constituição estabelece_constitucional,"['constitucionais', 'impeachment', 'Constituição estabelece', 'constitucional', 'Constituição', 'Constituição Federal', 'Presidente Dilma', 'Legislativo', 'Presidente', 'Senado Federal']","['possível', 'Constituição', 'vez', 'nova', 'Presidente', 'direito', 'processo', 'Senado', 'desenvolvimento', 'Estado']","['constitucionais', 'impeachment', 'Constituição estabelece', 'constitucional', 'Constituição', 'Constituição Federal', 'Presidente Dilma', 'Senado Federal', 'Constituição brasileira', 'Congresso Nacional']","['a Constituição estabelece que o processo de impeachment é constitucional e legal.. Isso implica que o afastamento da Presidente é uma determinação constitucional e não um golpe.. Por causa disso, o orador defende que o afastamento definitivo da Presidente Dilma Rousseff é uma determinação constitucional que deve ser cumprida.. ...é preciso obedecer à Constituição e nós o estamos fazendo, mas é preciso que nós, em obediência à Constituição, também façamos com que outros a cumpram. E a Presidente da República sendo afastada não está apenas sendo afastada por vontade política, é porque essa é uma determinação constitucional e ela não está acima da lei, tampouco acima da Constituição.', 'a Constituição exige aprovação parlamentar do Plano Plurianual, da Lei de Diretrizes Orçamentárias e da Lei Orçamentária Anual.. isso implica que o Executivo não pode alterar a política fiscal sem a autorização do Legislativo.. Por causa disso, o orador defende a procedência da acusação de crime de responsabilidade contra a Presidente Dilma Rousseff, justificando a necessidade de seu impeachment.. A abertura de créditos suplementares, expressamente vetada e sem a indicação dos recursos, infringindo o art. 167, inciso V, da Constituição Federal, flagrante violação de dispositivo constitucional.', 'o mandato presidencial é de quatro anos. isso implica que a Presidente Dilma foi eleita para cumprir um mandato de quatro anos. Por causa disso, o orador sugere que é necessário repensar o modelo econômico e político do país, que inclui a revisão de normas constitucionais que obrigam ao desperdício de recursos.. ""Fiz de tudo para tentar usar intermediários que conseguissem fazer as grandes lideranças, de um lado e de outro, dos dois grandes partidos - PT e PSDB - conversarem. Não consegui. [...] É inevitável que aconteça o lamentável processo de substituição de Presidente no meio de um mandato, ou não? Eu ainda prefiro, Senador Elmano, que, a cada dia que passa, menos confiança eu tenho de que a Presidente Dilma vai conseguir ressurgir, vai conseguir ser a Itamar dela própria, vai conseguir trazer uma nova esperança para o Brasil. Cada vez eu duvido mais que isso seja possível. E se eu duvido que a Presidente Dilma vai conseguir ressurgir, vai conseguir ser a Itamar dela própria, vai conseguir trazer uma nova esperança para o Brasil. Cada vez eu duvido mais que isso seja possível. E se eu duvido que a Presidente Dilma vai conseguir ressurgir, vai conseguir ser a Itamar dela própria, vai conseguir trazer uma nova esperança para o Brasil. Cada vez eu duvido mais que isso seja possível. E se eu duvido que a Presidente Dilma vai conseguir ressurgir, vai conseguir ser a Itamar dela própria, vai conseguir trazer uma nova esperança para o Brasil. Cada vez eu duvido mais que isso seja possível. E se eu duvido que a Presidente Dilma vai conseguir ressurgir, vai conseguir ser a Itamar dela própria, vai conseguir trazer uma nova esperança para o Brasil. Cada vez eu duvido mais que isso seja possível. E se eu duvido que a Presidente Dilma vai conseguir ressurgir, vai conseguir ser a Itamar dela própria, vai conseguir trazer uma nova esperança para o Brasil. Cada vez eu duvido mais que isso seja possível. E se eu duvido que a Presidente Dilma vai conseguir ressurgir, vai conseguir ser a Itamar dela própria, vai conseguir trazer uma nova esperança para o Brasil. Cada vez eu duvido mais que isso seja possível. E se eu duvido que a Presidente Dilma vai conseguir ressurgir, vai conseguir ser a Itamar dela própria, vai conseguir trazer uma nova esperança para o Brasil. Cada vez eu duvido mais que isso seja possível. E se eu duvido que a Presidente Dilma vai conseguir ressurgir, vai conseguir ser a Itamar dela própria, vai conseguir trazer uma nova esperança para o Brasil. Cada vez eu duvido mais que isso seja possível. E se eu duvido que a Presidente Dilma vai conseguir ressurgir, vai conseguir ser a Itamar dela própria, vai conseguir trazer uma nova esperança para o Brasil. Cada vez eu duvido mais que isso seja possível. E se eu duvido que a Presidente Dilma vai conseguir ressurgir, vai conseguir ser a Itamar dela própria, vai conseguir trazer uma nova esperança para o Brasil. Cada vez eu duvido mais que isso seja possível. E se eu duvido que a Presidente Dilma vai conseguir ressurgir, vai conseguir ser a Itamar dela própria, vai conseguir trazer uma nova esperança para o Brasil. Cada vez eu duvido mais que isso seja possível. E se eu duvido que a Presidente Dilma vai conseguir ressurgir, vai conseguir ser a Itamar dela própria, vai conseguir trazer uma nova esperança para o Brasil. Cada vez eu duvido mais que isso seja possível. E se eu duvido que a Presidente Dilma vai conseguir ressurgir, vai conseguir ser a Itamar dela própria, vai conseguir trazer uma nova esperança para o Brasil. Cada vez eu duvido mais que isso seja possível. E se eu duvido que a Presidente Dilma vai conseguir ressurgir, vai conseguir ser a Itamar dela própria, vai conseguir trazer uma nova esperança para o Brasil. Cada vez eu duvido mais que isso seja possível. E se eu duvido que a Presidente Dilma vai conseguir ressurgir, vai conseguir ser a Itamar dela própria, vai conseguir trazer uma nova esperança para o Brasil. Cada vez eu duvido mais que isso seja possível. E se eu duvido que a Presidente Dilma vai conseguir ressurgir, vai conseguir ser a Itamar dela própria, vai conseguir trazer uma nova esperança para o Brasil. Cada vez eu duvido mais que isso seja possível. E se eu duvido que a Presidente Dilma vai conseguir ressurgir, vai conseguir ser a Itamar dela própria, vai conseguir trazer uma nova esperança para o Brasil. Cada vez eu duvido mais que isso seja possível. E se eu duvido que a Presidente Dilma vai conseguir ressurgir, vai conseguir ser a Itamar dela própria, vai conseguir trazer uma nova esperança para o Brasil. Cada vez eu duvido mais que isso seja possível. E se eu duvido que a Presidente Dilma vai conseguir ressurgir, vai conseguir ser a Itamar dela própria, vai conseguir trazer uma nova esperança para o Brasil. Cada vez eu duvido mais que isso seja possível. E se eu duvido que a Presidente Dilma vai conseguir ressurgir, vai conseguir ser a Itamar dela própria, vai conseguir trazer uma nova esperança para o Brasil. Cada vez eu duvido mais que isso seja possível. E se eu duvido que a Presidente Dilma vai conseguir ressurgir, vai conseguir ser a Itamar dela própria, vai conseguir trazer uma nova esperança para o Brasil. Cada vez eu duvido mais que isso seja possível. E se eu duvido que a Presidente Dilma vai conseguir ressurgir, vai conseguir ser a Itamar dela própria, vai conseguir trazer uma nova esperança para o Brasil. Cada vez eu duvido mais que isso seja possível. E se eu duvido que a Presidente Dilma vai conseguir ressurgir, vai conseguir ser a Itamar dela própria, vai conseguir trazer uma nova esperança para o Brasil. Cada vez eu duvido mais que isso seja possível. E se eu duvido que a Presidente Dilma vai conseguir ressurgir, vai conseguir ser a Itamar dela própria, vai conseguir trazer uma nova esperança para o Brasil. Cada vez eu duvido mais que isso seja possível. E se eu duvido que a Presidente Dilma vai conseguir ressurgir, vai conseguir ser a Itamar dela própria, vai conseguir trazer uma nova esperança para o Brasil. Cada vez eu duvido mais que isso seja possível. E se eu duvido que a Presidente Dilma vai conseguir ressurgir, vai conseguir ser a Itamar dela própria, vai conseguir trazer uma nova esperança para o Brasil. Cada vez eu duvido mais que isso seja possível. E se eu duvido que a Presidente Dilma vai conseguir ressurgir, vai conseguir ser a Itamar dela própria, vai conseguir trazer uma nova esperança para o Brasil. Cada vez eu duvido mais que isso seja possível. E se eu duvido que a Presidente Dilma vai conseguir ressurgir, vai conseguir ser a Itamar dela própria, vai conseguir trazer uma nova esperança para o Brasil. Cada vez eu duvido mais que isso seja possível. E se eu duvido que a Presidente Dilma vai conseguir ressurgir, vai conseguir ser a Itamar dela própria, vai conseguir trazer uma nova esperança para o Brasil. Cada vez eu duvido mais que isso seja possível. E se eu duvido que a Presidente Dilma vai conseguir ressurgir, vai conseguir ser a Itamar dela própria, vai conseguir trazer uma nova esperança para o Brasil. Cada vez eu duvido mais que isso seja possível. E se eu duvido que a Presidente Dilma vai conseguir ressurgir, vai conseguir ser a Itamar dela própria, vai conseguir trazer uma nova esperança para o Brasil. Cada vez eu duvido mais que isso seja possível. E se eu duvido que a Presidente Dilma vai conseguir ressurgir, vai conseguir ser a Itamar dela própria, vai conseguir trazer uma nova esperança para o Brasil. Cada vez eu duvido mais que isso seja possível. E se eu duvido que a Presidente Dilma vai conseguir ressurgir, vai conseguir ser a Itamar dela própria, vai conseguir trazer uma nova esperança para o Brasil. Cada vez eu duvido mais que isso seja possível. E se eu duvido que a Presidente Dilma vai conseguir ressurgir, vai conseguir ser a Itamar dela própria, vai conseguir trazer uma nova esperança para o Brasil. Cada vez eu duvido mais que isso seja possível. E se eu duvido que a Presidente Dilma vai conseguir ressurgir, vai conseguir ser a Itamar dela própria, vai conseguir trazer uma nova esperança para o Brasil. Cada vez eu duvido mais que isso seja possível. E se eu duvido que a Presidente Dilma vai conseguir ressurgir, vai conseguir ser a Itamar dela própria, vai conseguir trazer uma nova esperança para o Brasil. Cada vez eu duvido mais que isso seja possível. E se eu duvido que a Presidente Dilma vai conseguir ressurgir, vai conseguir ser a Itamar dela própria, vai conseguir trazer uma nova esperança para o Brasil. Cada vez eu duvido mais que isso seja possível. E se eu duvido que isso seja possível, é preciso que comecemos a trabalhar em qual será a alternativa que vamos ter para conseguir que o processo constitucional continue, que não haja a menor interrupção nisso, o que levaria a que o Vice-Presidente assumisse no lugar da Presidente, no meio do seu mandato, o que é lamentável para o processo democrático, mesmo sendo dentro da democracia e o que é lamentável para o processo pedagógico de formar nossa juventude acreditando que o mandato é algo verdadeiro para se manter como deveria ser.']"
8,115,8_Constituição Federal_implica Constituição_Constituição estabelece_nossa Constituição,"['Constituição Federal', 'implica Constituição', 'Constituição estabelece', 'nossa Constituição', 'Constituição não', 'constitucional', 'Constituição', 'Congresso Nacional', 'Legislativo', 'Congresso']","['Constituição', 'direito', 'lei', 'constitucional', 'Estado', 'expressão', 'saúde', 'direitos', 'sociais', 'Senado']","['Constituição Federal', 'implica Constituição', 'Constituição estabelece', 'nossa Constituição', 'Constituição não', 'constitucional', 'Constituição', 'Congresso Nacional', 'Supremo Tribunal Federal', 'Constituição brasileira']","['a Constituição de 1988 determinou que o Congresso Nacional deveria elaborar uma nova lei com critérios claros para a distribuição do Fundo de Participação dos Estados.. isso implica que o Congresso tem a responsabilidade de criar uma legislação que distribua a renda de forma justa entre os Estados.. Por causa disso, o orador defende que o Congresso Nacional deve estabelecer novos critérios de rateio do Fundo de Participação dos Estados (FPE) que sejam dinâmicos e reflitam o desenvolvimento econômico de cada Estado, em conformidade com a decisão do Supremo Tribunal Federal.. Há uma decisão do Supremo Tribunal Federal para que o Senado vote essa matéria. E essa decisão não é de agora. Há muito tempo, aliás, desde que se elaborou a nova Constituição, em 1988, determinou-se um prazo no qual o Congresso Nacional deveria elaborar uma nova lei, com novas regras, regras que fossem claras e que fizessem justiça.', 'A Constituição garante segurança e subsídio para a Zona Franca de Manaus nos arts. 43, 151, 155 e §§6º e 7º do art. 165.. Isso implica que a Zona Franca de Manaus deve ser protegida e respeitada como um direito constitucional.. Por causa disso, o orador critica a atuação do Supremo Tribunal Federal, que, segundo ele, não respeita a Constituição e interfere nas prerrogativas do Congresso Nacional, especialmente em relação à Zona Franca de Manaus.. A Constituição Federal, nos arts. 43, 151, 155 e §§6º e 7º do art. 165, garante, o Orçamento da União garante essa segurança e esse subsídio para a Zona Franca, e mesmo assim lá vamos nós de novo, Veneziano, lá vamos nós de novo para a tribuna, como se fôssemos mendigos a pedir favor. De novo. Está na Constituição. E não se respeita mais a Constituição neste país. Isso também não é de assustar, porque, se o Supremo não a respeita, se o Supremo cria suas leis...', 'a Constituição não permite a reeleição do Presidente do Congresso Nacional sem alteração.. isso implica que qualquer tentativa de reeleição deve passar por uma mudança constitucional ou ser barrada pelo Supremo Tribunal Federal.. Por causa disso, o orador reconhece que a decisão do Supremo Tribunal Federal sobre a reeleição para a presidência do Congresso Nacional deve ser respeitada, mesmo que lamente a impossibilidade de reeleição do atual presidente.. ""Mas nós não seguimos o caminho do Senado e da Câmara, alterando a nossa Constituição, para fazer V. Exa. novamente Presidente do Congresso Nacional. Nós fomos então para o Supremo, e o Supremo – aqui sem criticar, sem entrar no mérito –, a verdade é que não permitiu.""']"
9,105,9_implica Constituição_Constituição Federal_princípios constitucionais_constitucionais,"['implica Constituição', 'Constituição Federal', 'princípios constitucionais', 'constitucionais', 'Constituição estabelece', 'constitucional', 'Supremo Tribunal Federal', 'Constituição', 'art Constituição', 'Senado Federal']","['Constituição', 'constitucional', 'constitucionais', 'democracia', 'forma', 'instância', 'criação', 'direito', 'lei', 'inciso']","['implica Constituição', 'Constituição Federal', 'princípios constitucionais', 'constitucionais', 'Constituição estabelece', 'constitucional', 'Supremo Tribunal Federal', 'Constituição', 'art Constituição', 'Constituição Cidadã']","['a Constituição estabelece a possibilidade de prisão após condenação em segunda instância. Isso implica que, sem a emenda constitucional proposta, o debate no Supremo Tribunal Federal sobre a prisão em segunda instância não existiria. Por causa disso, o orador defende a aprovação da proposta de emenda à Constituição que legitima a prisão após condenação em segunda instância, como forma de evitar debates desgastantes no Supremo Tribunal Federal e garantir a efetividade das decisões judiciais.. Hoje venho à tribuna para esclarecer. Ontem, a imprensa divulgou a nossa proposta de emenda à Constituição que diz respeito à legitimação constitucional da prisão em segunda instância para evitar o debate que hoje se estabelece no Supremo Tribunal Federal.', 'A Constituição deve ser garantida na interpretação pelo Supremo Tribunal Federal.. Isso implica que o Supremo Tribunal Federal deve agir de maneira a proporcionar segurança jurídica e respeitar a Constituição.. Por causa disso, o orador apoia a Proposta de Emenda à Constituição (PEC) que limita o mandato dos ministros do Supremo Tribunal Federal a dez anos, como forma de garantir que a Constituição seja respeitada e interpretada de maneira consistente.. O Supremo é para garantir, na interpretação, a Constituição. E eles mexem... E eu ouço Ministro dizer que é para seguir a Constituição, que é para não afrontar a Constituição.', 'A Constituição estabelece que compete privativamente ao Senado Federal processar e julgar os Ministros do Supremo Tribunal Federal nos crimes de responsabilidade.. Isso implica que o Senado tem a autoridade para supervisionar e, se necessário, julgar os Ministros do STF por suas ações.. Por causa disso, o orador defende que o Senado deve exercer seu papel constitucional de julgar os Ministros do Supremo Tribunal Federal em casos de crimes de responsabilidade, especialmente em situações de conflito entre ministros.. Título IV Da Organização dos Poderes Capítulo I Do Poder Legislativo Seção IV Do Senado Federal Art. 52. Compete privativamente ao Senado Federal: II - processar e julgar os Ministros do Supremo Tribunal Federal, os membros do Conselho Nacional de Justiça e do Conselho Nacional do Ministério Público, o Procurador-Geral da República e o Advogado-Geral da União nos crimes de responsabilidade.']"
10,104,10_Constituição estabelece_nossa Constituição_constitucionais_constitucional,"['Constituição estabelece', 'nossa Constituição', 'constitucionais', 'constitucional', 'Constituição Constituição', 'Constituição', 'Constituição Federal', 'Estado deve', 'Constituição Constituição estabelece', 'implica Estado deve']","['Constituição', 'Estado', 'direitos', 'indígenas', 'igualdade', 'constitucional', 'públicas', 'políticas', 'direito', 'saúde']","['Constituição estabelece', 'nossa Constituição', 'constitucionais', 'constitucional', 'Constituição Constituição', 'Constituição', 'Constituição Federal', 'Constituição Constituição estabelece', 'implica Estado deve', 'Congresso Nacional']","['a Constituição estabelece a união, a integridade e a independência do Brasil como princípios fundamentais.. Isso implica que todos os membros do Senado devem atuar com base nesses princípios.. Por causa disso, o orador se compromete a apoiar políticas públicas que promovam a igualdade e o bem-estar social, conforme estabelecido pela Constituição de 1988.. Reitero o juramento que acabei de fazer, feito à luz da Constituição Federal de 1988, de sustentar a união, a integridade e a independência do Brasil.', 'A Constituição estabelece que um Senador ou Deputado só pode ser preso em caso de crime inafiançável ou flagrante delito.. Isso implica que a prisão ou restrição de liberdade de parlamentares fora dessas condições viola a Constituição.. Por causa disso, o orador defende que a decisão do Supremo Tribunal Federal sobre a suspensão do mandato do Senador Aécio Neves deve ser submetida ao Plenário do Senado, conforme o art. 53 da Constituição, para garantir a autonomia do Poder Legislativo.. O art. 53 da Constituição é muito claro. Diz que um Senador da República ou um Deputado Federal, um Parlamentar, só pode ter voz de prisão decretada se ele praticar um crime que se caracterize como um crime específico ou se ele efetivamente estiver praticando um crime e for flagrado em delito.', 'a Constituição assegura a todos os brasileiros, sem qualquer discriminação, o direito ao desenvolvimento e à autonomia.. isso implica que o Estado deve garantir condições de igualdade para pessoas com deficiência.. Por causa disso, o orador defende a implementação de políticas públicas que promovam a igualdade material, especialmente para pessoas com deficiência, através de isenções fiscais e deduções tributárias.. A promulgação da Constituição Federal, há 25 anos, assegurou a todos os brasileiros, sem qualquer discriminação, o direito ao desenvolvimento e à autonomia.']"
11,84,11_previsto Constituição_Constituição prevê_Constituição estabelece_constitucionais,"['previsto Constituição', 'Constituição prevê', 'Constituição estabelece', 'constitucionais', 'Constituição Federal', 'constitucional', 'art Constituição', 'Constituição', 'direitos políticos', 'impeachment']","['Constituição', 'direitos', 'públicos', 'CPI', 'Senado', 'direito', 'constitucionais', 'aprovação', 'Estado', 'projeto']","['previsto Constituição', 'Constituição prevê', 'Constituição estabelece', 'constitucionais', 'Constituição Federal', 'constitucional', 'art Constituição', 'Constituição', 'impeachment', 'Supremo Tribunal Federal']","['A Constituição estabelece que o impedimento de um governante implica a perda dos direitos políticos por oito anos.. Isso implica que não deveria haver fatiamento na decisão de impeachment que preserve os direitos políticos.. Por causa disso, o orador defende que a decisão do Senado que preservou os direitos políticos da ex-presidente Dilma Rousseff após o impeachment é inconstitucional e deve ser revista pelo Supremo Tribunal Federal.. O Texto Constitucional é claro. Não há como estabelecer esse fatiamento, não há sequer vírgula quando se fala do impedimento do governante com a consequente perda dos direitos políticos por oito anos.', 'a Constituição estabelece um teto remuneratório para todos os servidores e membros dos três Poderes.. isso implica que a remuneração e os subsídios de todos os agentes públicos não podem ultrapassar a percepção de Ministro do Supremo Tribunal Federal.. Por causa disso, o orador defende a necessidade de regulamentar o artigo da Constituição que trata do teto remuneratório para servidores públicos, a fim de evitar abusos e contribuir para o ajuste fiscal.. As poucas linhas do art. 37, inciso XI, são de uma clareza solar ao estabelecer que a remuneração e os subsídios de todos os agentes públicos não podem ultrapassar a percepção de Ministro do Supremo.', 'a Constituição dá garantias aos brasileiros e aos estrangeiros aqui residentes.. Isso implica que os médicos estrangeiros devem ter os mesmos direitos que os brasileiros.. Por causa disso, o orador destaca a importância de garantir que os médicos estrangeiros tenham os mesmos direitos que os brasileiros, conforme estabelecido pela Constituição, e sugere que o acordo com a Opas seja analisado para assegurar que não haja violação dos direitos constitucionais.. O Sr. Pedro Taques (Bloco Apoio Governo/PDT - MT) - ... o art. 5º da Constituição dá garantias aos brasileiros e aos estrangeiros aqui residentes, e o médico, quando vem, é residente, porque “residência” aqui é uma relação fática entre a pessoa e o local. Ele, estrangeiro, deve, de acordo com a nossa Constituição, ser sujeito de todos os direitos que a nossa Constituição estabelece.']"
12,77,12_Constituição permite_estabelecido Constituição_Constituição assegura_Constituição estabelece,"['Constituição permite', 'estabelecido Constituição', 'Constituição assegura', 'Constituição estabelece', 'constitucionais', 'Constituição Constituição', 'nossa Constituição', 'constitucional', 'Constituição', 'Constituição Federal']","['Constituição', 'lei', 'direito', 'processo', 'direitos', 'popular', 'democracia', 'servidores', 'constitucional', 'Senado']","['Constituição permite', 'estabelecido Constituição', 'Constituição assegura', 'Constituição estabelece', 'constitucionais', 'Constituição Constituição', 'nossa Constituição', 'Constituição Cidadã', 'Constituição brasileira', 'ninguém será considerado culpado']","[""a Constituição estabelece que são crimes de responsabilidade os atos do Presidente da República que atentem contra a Constituição Federal e a lei orçamentária.. isso implica que o Presidente pode ser responsabilizado por atos que violem a lei orçamentária.. Por causa disso, o orador sugere que a Presidente Dilma Rousseff seja denunciada por crime de responsabilidade devido ao descumprimento da Lei de Responsabilidade Fiscal e da Lei Orçamentária.. A Constituição Federal, em seu art. 85, VI, também trata da responsabilidade do Presidente da República - e diz, textualmente, o art. 85 da nossa Constituição Federal -: 'São crimes de responsabilidade os atos do Presidente da República que atentem contra a Constituição Federal e, especialmente, contra: (...) VI - a lei orçamentária'."", 'A Constituição assegura a liberdade de imprensa e a liberdade de expressão.. Isso implica que qualquer tentativa de silenciar a imprensa ou restringir a liberdade de expressão é inconstitucional.. Por causa disso, o orador defende a importância de garantir a liberdade de imprensa como um pilar essencial do Estado democrático de direito, conforme estabelecido na Constituição.. ""Não é à toa que os Constituintes que nos antecederam e que passaram por estes Plenários preceituaram, no art. 5º da Constituição, em vários dispositivos, e não é à toa também que o art. 5º é na nossa Constituição... O que o art. 5º é? O art. 5º é nossa declaração de direitos, é nossa declaração de direitos individuais, coletivos. É nossa proclamação de direitos humanos. É por isso que o nosso art. 5º é tão vasto. É por isso que ele é a espinha dorsal do texto constitucional. É por isso também que na promulgação da Constituição o saudoso Ulysses Guimarães, em vários momentos, fez a referência à imprensa livre.""', 'a Constituição estabelece o princípio do duplo grau de jurisdição e que ninguém será considerado culpado antes do trânsito em julgado da decisão. isso implica que toda pessoa tem o direito de ser julgada em primeira instância e de ter a decisão reanalisada em segunda instância, mas não impede a execução provisória da pena antes do trânsito em julgado. Por causa disso, o orador defende a possibilidade de prisão após condenação em segunda instância, argumentando que a Constituição não impede essa prática e que ela é necessária para evitar a impunidade e garantir a segurança jurídica.. ""Ainda que a Constituição diga, no art. 5º, que ninguém será considerado culpado antes do trânsito em julgado da decisão, Senador Girão, a Constituição não diz que ninguém será preso antes do trânsito em julgado da decisão.""']"
13,61,13_Constituição estabelece_constitucionais_art Constituição_constitucional,"['Constituição estabelece', 'constitucionais', 'art Constituição', 'constitucional', 'Constituição', 'Presidente República', 'Presidente República não', 'República', 'implica Presidente', 'legislação']","['Constituição', 'Presidente', 'direitos', 'Senado', 'constitucional', 'ambiental', 'projetos', 'saúde', 'livre', 'medida']","['Constituição estabelece', 'constitucionais', 'art Constituição', 'constitucional', 'Constituição', 'Presidente República', 'Presidente República não', 'República', 'Senado Federal', 'Congresso']","['a Constituição de 1988 estabelece a defesa da Constituição e a preservação do federalismo no Brasil.. isso implica que o Senado Federal tem a responsabilidade de proteger esses princípios fundamentais.. Por causa disso, o orador acredita que o Senado Federal continuará a cumprir sua missão constitucional de defesa da Constituição e de preservação do federalismo no Brasil.. Tenho plena convicção, Sr. Presidente, de que o Senado Federal não faltará ao povo brasileiro e cumprirá fielmente sua missão constitucional de defesa da Constituição e de preservação do federalismo no Brasil.', 'a Constituição estabelece o dever da família, da sociedade e do Estado de assegurar à criança, ao adolescente e ao jovem, com absoluta prioridade, diversos direitos, incluindo o direito à vida, à saúde, à educação e à proteção contra a violência.. isso implica que há uma responsabilidade compartilhada entre diferentes atores sociais e governamentais para garantir esses direitos.. Por causa disso, o orador reforça a importância de implementar políticas públicas que garantam os direitos das crianças e adolescentes, conforme estabelecido na Constituição, como o Programa Brasil Protege.. Por fim, quero citar o artigo 227 da nossa Constituição, que define o compromisso e a responsabilidade de todos nós: ""É dever da família, da sociedade e do Estado assegurar à criança, ao adolescente e ao jovem, com absoluta prioridade, o direito à vida, à saúde, à alimentação, à educação, ao lazer, à profissionalização, à cultura, à dignidade, ao respeito, à liberdade e à convivência familiar e comunitária, além de colocá-los a salvo de toda forma de negligência, discriminação, exploração, violência, crueldade e opressão"".', 'a Constituição estabelece que o Presidente da República não pode enviar para o Congresso uma medida provisória com o mesmo teor na mesma sessão legislativa.. Isso implica que há uma vedação constitucional para a reedição de medidas provisórias com o mesmo teor dentro do mesmo ano legislativo.. Por causa disso, o orador propõe uma emenda à Constituição para vedar a reedição de decretos presidenciais com o mesmo teor na mesma sessão legislativa, buscando evitar instabilidades jurídicas e garantir o cumprimento do ordenamento jurídico.. O Presidente da República não pode enviar para esta Casa uma medida provisória com o mesmo teor, na mesma sessão legislativa, ou seja, no prazo de um ano.']"
14,50,14_direito todos dever Estado_Constituição estabelece_Estado deve_implica Estado deve,"['direito todos dever Estado', 'Constituição estabelece', 'Estado deve', 'implica Estado deve', 'todos dever Estado', 'direito todos dever', 'Constituição', 'Constituição Federal', 'constitucionais', 'Constituição não']","['Constituição', 'Estado', 'União', 'ações', 'dever', 'pública', 'Estados', 'segurança', 'educação', 'desigualdades']","['direito todos dever Estado', 'Constituição estabelece', 'Estado deve', 'implica Estado deve', 'todos dever Estado', 'direito todos dever', 'Constituição Federal', 'Constituição não', 'Defensoria Pública', 'governo']","['a saúde é um direito de todos e um dever do Estado.. isso implica que o Estado deve garantir o acesso universal e igualitário à saúde.. por causa disso, o orador defende a aprovação do projeto de lei que institui a política nacional de fornecimento gratuito de medicamentos à base de canabidiol pelo SUS.. A Constituição Federal do Brasil, em seu art. 196, declara que a saúde é um direito de todos e um dever do Estado.', 'a Constituição estabelece que a segurança pública é dever do Estado, direito e responsabilidade de todos, conforme o art. 144.. isso implica que o Estado deve garantir condições adequadas para a atuação dos agentes socioeducativos.. Por causa disso, o orador defende que a segurança pública deve ser construída de acordo com as diretrizes estabelecidas pela Constituição, especialmente no que tange à proteção e valorização dos agentes socioeducativos.. Implícito: ""na certeza de que nós podemos construir uma segurança pública de acordo com o que determina o art. 144 da Constituição Federal.""', 'a Constituição preconiza a redução das desigualdades regionais e define que a exploração de recursos naturais em terras da União deve ser compensada por royalties.. isso implica que os recursos provenientes da exploração de petróleo devem ser distribuídos de forma a reduzir desigualdades regionais.. Por causa disso, o orador defende uma distribuição mais equitativa dos royalties do petróleo entre todos os Municípios e Estados, independentemente de terem ou não a produção de petróleo em suas terras.. Uma luz que poderá ser mais um passo para a consecução de um dos objetivos da República Federativa do Brasil: reduzir as desigualdades regionais, conforme preconiza o art. 3º da Constituição Federal. [...] A extração traz como um dos seus benefícios diretos o pagamento de royalties por sua exploração, feita em terras da União, conforme também define nossa Constituição em seu art. 20.']"
15,49,15_Constituição permite_estabelecidos Constituição_constitucionais_Constituição estabelece,"['Constituição permite', 'estabelecidos Constituição', 'constitucionais', 'Constituição estabelece', 'voto secreto', 'art Constituição', 'art Constituição Federal', 'Constituição', 'Constituição Federal', 'legislativa']","['Constituição', 'voto', 'partidos', 'decisão', 'constitucionais', 'lei', 'desenvolvimento', 'social', 'política', 'mandato']","['Constituição permite', 'estabelecidos Constituição', 'constitucionais', 'Constituição estabelece', 'voto secreto', 'art Constituição', 'art Constituição Federal', 'Constituição', 'Constituição Federal', 'Estado direito']","['a Constituição estabelece que a perda de mandato de parlamentares condenados deve ser automática.. isso implica que não deve haver controvérsias ou ações corporativas para manter parlamentares condenados em seus cargos.. Por causa disso, o orador defende a aprovação da PEC que torna automática a perda de mandato de parlamentares condenados por improbidade administrativa ou por crime contra a administração pública, visando encerrar controvérsias e ações corporativas sobre a perda de mandato.. Em 09 de abril do ano corrente, eu apresentei uma PEC alterando o art. 55 da Constituição Federal, para tornar automática a perda de mandato do parlamentar que for condenado pelo Supremo Tribunal Federal por improbidade administrativa ou por crime contra a administração pública.', 'a Constituição estabelece, como regra geral, o voto aberto, mas em situações excepcionais, existe a salvaguarda do voto secreto para preservar a independência do mandato e a autonomia dos Poderes.. isso implica que o voto secreto é uma proteção institucional importante, mas que pode ser revisada para aumentar a transparência.. Por causa disso, o orador defende a aprovação da PEC que estabelece o voto aberto para julgamento de parlamentares, como uma forma de alinhar a prática legislativa com a Constituição, que prevê o voto aberto como regra geral.. No Brasil, a Constituição estabelece, como regra geral, o voto aberto. E, em situações excepcionais, existe a salvaguarda do voto secreto para preservar a independência do mandato e a autonomia dos Poderes.', 'a Constituição estabelece a liberdade de expressão para os parlamentares.. Isso implica que os senadores têm o direito de expressar suas posições livremente, inclusive durante as votações.. Por causa disso, o orador defende a aprovação da PEC que institui o voto aberto no Congresso Nacional, argumentando que a Constituição garante a liberdade de expressão dos parlamentares, o que seria infringido pelo voto secreto em certas situações.. como a Constituição define, determina que nós tenhamos a liberdade de expressão, eu entendo que todo senador tem o direito de expressar a sua posição no ato de votação.']"
